Unnamed: 0,idm_ioibge,idcidade,Municipio,Area_MUN,idestado,estado,idmicro,mic_regiao,idmeso,mes_regiao,capital,populacao,fonte,NomeDSEI,StatusDSEI,NumDSEI,muni_name,uf_muni,Number of paths covered,City coverage(%),MoH sentinel,cod_mun,PIB,PIB_agro,PIB_ind,PIB_serv,PIB_pub,hierarquia,nome_hierarquia,CGT,CI,CGP,indice_atracao,ia_vestuario,ia_moveis,ia_saude_bm,ia_saude_a,ia_ensino_sup,ia_cultura,ia_esporte,ia_aeroporto,ia_jornal,ia_transporte,num_leitos,categoria_ia_saude
4431,2704302,BR270430,Maceió,509.552,BR27,AL,BR27011,Maceió,BR2703,Leste Alagoano,1,1013773,IBGE (2015),Alagoas e Sergipe,Integral,1,Maceió,Alagoas,58753.0,0.66917,1.0,2704302.0,24736025.0,509178.0,3733212.0,13016183.0,4040931.0,2A,Capital Regional A,4.93789886090791,3.44653716707364,1.49136169383427,978405.120388742,727449.047893902,863697.16995461,840329.115014649,1208104.67333333,1003264.84058026,698343.423230658,824800.756666667,1970112.31333333,960096.966666667,417987.658459036,2.20566028705765,Alto
5027,1500859,BR150085,Anapu,11895.265,BR15,PA,BR15015,Altamira,BR1505,Sudoeste Paraense,0,25414,IBGE (2015),Altamira,Integral,1,Anapu,Pará,117.0,0.00133,0.0,1500859.0,309602.0,94403.0,18252.0,74664.0,94087.0,5,Centro Local,,1.47712125471966,,5447.15991851686,0.0,0.0,0.0,0.0,0.0,1566.2,5481.70000000002,0.0,0.0,46442.324508166,1.28861234858805,Medio
2824,1200203,BR120020,Cruzeiro do Sul,8779.402,BR12,AC,BR12001,Cruzeiro do Sul,BR1201,Vale do Juruá,0,81519,IBGE (2015),Alto Rio Juruá,Parcial,1,Cruzeiro do Sul,Acre,9661.0,0.11003,1.0,1200203.0,1088626.0,73289.0,72950.0,372045.0,495631.0,3B,Centro Sub-Regional B,3.18639121569549,2.28330122870355,0.903089986991944,99695.5381533717,104436.256666667,97469.25,150178.51,61632.95,68346.3466666666,81460.6296662582,75424.2166666667,126799.193333333,10485.6,135768.239180713,1.93902341655926,Alto
5507,1303809,BR130380,São Gabriel da Cachoeira,109181.24,BR13,AM,BR13001,Rio Negro,BR1301,Norte Amazonense,0,43094,IBGE (2015),Alto Rio Negro,Parcial,1,São Gabriel da Cachoeira,Amazonas,591.0,0.00673,1.0,1303809.0,271073.0,24637.0,10368.0,61380.0,166957.0,5,Centro Local,1.98227123303957,1.38021124171161,0.602059991327962,4759.43649557043,2443.6,0.0,3550.93333333333,0.0,4870.33333333332,5799.33333333333,12347.5333333333,0.0,0.0,15880.6581456685,2.3652267047483,Alto
2833,1200401,BR120040,Rio Branco,8835.52,BR12,AC,BR12004,Rio Branco,BR1202,Vale do Acre,1,370550,IBGE (2015),Alto Rio Purus,Integral,1,Rio Branco,Acre,11861.0,0.13509,1.0,1200401.0,8123182.0,184944.0,752392.0,3936141.0,2229653.0,2C,Capital Regional C,4.37038354060766,2.93901977644867,1.43136376415899,331002.062965681,404368.13,363410.096666667,353009.79,364202.58,382639.14,332226.732693495,251115.458315879,430040.106666667,107520.033333333,123137.061829118,2.03412645984719,Alto
5511,1304062,BR130406,Tabatinga,3266.062,BR13,AM,BR13003,Alto Solimões,BR1302,Sudoeste Amazonense,0,61028,IBGE (2015),Alto Rio Solimões,Integral,1,Tabatinga,Amazonas,1140.0,0.01298,1.0,1304062.0,414692.0,20846.0,19735.0,123884.0,228127.0,3B,Centro Sub-Regional B,2.65896484266443,1.75587485567249,0.903089986991944,61723.915696782,73772.35,39067.7666666667,80541.9333333333,7452.37,55516.7166666667,79899.05,41632.75,136259.086666667,0.0,33060.1112710373,0.790844808336435,Alto
2884,1600279,BR160027,Laranjal do Jari,30782.998,BR16,AP,BR16004,Mazagão,BR1602,Sul do Amapá,0,45712,IBGE (2015),Amapá e Norte do Pará,Parcial,1,Laranjal do Jari,Amapá,1660.0,0.01891,1.0,1600279.0,1553212.0,89490.0,442620.0,318693.0,617966.0,4A,Centro de Zona A,2.90200289135073,2.05690485133647,0.845098040014257,4462.34232216251,0.0,0.0,0.0,0.0,0.0,2988.6,7286.83333333333,0.0,0.0,32666.2857157648,1.61301704757392,Medio
2709,5208707,BR520870,Goiânia,728.841,BR52,GO,BR52010,Goiânia,BR5203,Centro Goiano,1,1430697,IBGE (2015),Araguaia,Integral,1,Goiânia,Goiás,204193.0,2.32565,1.0,5208707.0,67120831.0,289529.0,11355316.0,37822909.0,8722144.0,1C,Metrópole,5.35975961641571,3.8546096380958,1.50514997831991,2141160.93535167,3743367.53725237,2461888.2479106,2061210.10281092,3105948.59881776,1544418.66296979,1387220.10900635,1582987.15714472,2230523.89777378,2386075.61051521,733273.715646602,3.28795917138874,Alto
4800,2927408,BR292740,Salvador,692.819,BR29,BA,BR29021,Salvador,BR2905,Metropolitana de Salvador,1,2921087,IBGE (2015),Bahia,Integral,1,Salvador,Bahia,117201.0,1.33486,1.0,2927408.0,114777409.0,159099.0,31632019.0,53991928.0,11456612.0,1C,Metrópole,5.56694161750392,3.94369232710602,1.6232492903979,2407256.86154646,722535.254511092,589324.124813342,1234412.3860505,4377851.22879922,2069150.63973424,2053292.04050103,2477471.31255719,5869523.3381598,3409062.5247054,725426.930980911,2.45701151944796,Alto
3684,2304400,BR230440,Fortaleza,314.93,BR23,CE,BR23016,Fortaleza,BR2303,Metropolitana de Fortaleza,1,2591188,IBGE (2015),Ceará,Integral,1,Fortaleza,Ceará,165327.0,1.88299,1.0,2304400.0,81633411.0,270945.0,14976019.0,43445439.0,11132704.0,1C,Metrópole,5.55966249010938,3.93641319971148,1.6232492903979,2577368.92543012,2739758.58731977,2542743.66501196,1685561.12769681,3568218.1913853,1706345.66352327,1951332.78378897,2544812.85315969,4766151.78275375,3213494.08133047,769812.707937848,2.49089148525006,Alto
611,5103403,BR510340,Cuiabá,3291.816,BR51,MT,BR51017,Cuiabá,BR5104,Centro-Sul Mato-Grossense,1,580489,IBGE (2015),Cuiabá,Integral,1,Cuiabá,Mato Grosso,58105.0,0.66178,1.0,5103403.0,29512411.0,110131.0,4427706.0,16207488.0,4833016.0,2A,Capital Regional A,5.17746146583019,3.68609977199592,1.49136169383427,1041109.49861828,903769.068145814,1006394.04321857,1040204.32878321,1567652.43504404,1026056.29279449,884620.786975692,925438.692016192,1867406.8192302,516976.11349324,389774.019986626,2.74303220335552,Alto
2948,1501402,BR150140,Belém,1059.458,BR15,PA,BR15007,Belém,BR1503,Metropolitana de Belém,1,1439561,IBGE (2015),Guamá-Tocantins,Integral,1,Belém,Pará,126566.0,1.44152,1.0,1501402.0,39156155.0,79609.0,5292944.0,21389289.0,6653458.0,1C,Metrópole,5.24462342843235,3.64256343710439,1.60205999132796,2597861.08061383,2131841.44505123,2310530.37301372,2394216.44678834,3761152.07849021,2284002.62881387,2127587.34709005,2718515.56032383,3714780.51666667,3240510.94333333,900436.5500992,2.5259863742946,Alto
191,4304705,BR430470,Carazinho,665.092,BR43,RS,BR43009,Carazinho,BR4301,Noroeste Rio-Grandense,0,62039,IBGE (2015),Interior Sul,Integral,1,Carazinho,Rio Grande do Sul,66370.0,0.75592,0.0,4304705.0,2645230.0,141719.0,255125.0,1571416.0,289809.0,3A,Centro Sub-Regional A,3.57054293988189,2.66745295288995,0.903089986991944,47243.6952323333,32798.0933333333,31414.2666666667,26879.2966666667,11197.4666666667,51252.8733333333,59638.5666666667,14934.02,0.0,54935.6128870049,188600.81799612,2.25992348544771,Alto
2886,5100250,BR510025,Alta Floresta,8976.309,BR51,MT,BR51002,Alta Floresta,BR5101,Norte Mato-Grossense,0,49991,IBGE (2015),Kayapó - MT,Integral,1,Alta Floresta,Mato Grosso,6718.0,0.07651,0.0,5100250.0,1583783.0,107068.0,147880.0,831874.0,289223.0,3B,Centro Sub-Regional B,3.13033376849501,2.43136376415899,0.698970004336019,46450.1776927798,44240.9,42586.8733333334,49841.8833333333,6230.53333333333,41404.4666666667,37416.64,40701.7633333333,81757.7666666667,91388.1333333333,25958.8919277978,2.1505376344086,Alto
3009,1506138,BR150613,Redenção,3823.809,BR15,PA,BR15021,Redenção,BR1506,Sudeste Paraense,0,80797,IBGE (2015),Kayapó - PA,Integral,1,Redenção,Pará,5607.0,0.06386,0.0,1506138.0,1644661.0,121872.0,199238.0,834451.0,277339.0,3A,Centro Sub-Regional A,3.28600712207947,2.50785587169583,0.778151250383644,145726.969296555,117634.3,160008.75,257433.866666667,144531.933333333,123283.806666667,140539.116666667,71400.4833333333,0.0,365153.283333333,76997.04066154,3.34535757229425,Alto
2843,1400100,BR140010,Boa Vista,5687.037,BR14,RR,BR14001,Boa Vista,BR1401,Norte de Roraima,1,320714,IBGE (2015),Leste de Roraima,Integral,1,Boa Vista,Roraima,12965.0,0.14766,1.0,1400100.0,8112334.0,88944.0,746758.0,3330588.0,3237326.0,2C,Capital Regional C,4.22863130498971,2.79726754083072,1.43136376415899,169054.774849194,175603.466666667,178551.966666667,166131.916666667,189217.2,206617.966666667,190751.266666667,140157.933333333,162602.3,135450.533333333,124813.198491945,2.28305636511852,Alto
2298,3550308,BR355030,São Paulo,1521.11,BR35,SP,BR35061,São Paulo,BR3515,Metropolitana de São Paulo,1,11967825,IBGE (2015),Litoral Sul,Integral,1,São Paulo,São Paulo,474158.0,5.4004,1.0,3550308.0,1105998121.0,1439179.0,133977123.0,702385109.0,74962355.0,1A,Grande Metrópole Nacional,6.64374414817801,4.88031615461507,1.76342799356294,4515193.84362385,4595720.96625337,5391512.59699,1396878.28795562,4352398.12631065,1536587.93739565,3279911.90689338,4961079.97349725,6921398.15657369,10841089.070077,1736962.16440325,1.98018697297774,Alto
5493,1302603,BR130260,Manaus,11401.092,BR13,AM,BR13007,Manaus,BR1303,Centro Amazonense,1,2057711,IBGE (2015),Manaus,Integral,1,Manaus,Amazonas,40910.0,0.46594,1.0,1302603.0,70296364.0,212145.0,25131157.0,24632349.0,7887482.0,1C,Metrópole,5.08464776085473,3.59328606702046,1.49136169383427,1562127.95533321,1768830.76966319,2285891.11896903,1719882.64800421,1857266.19,1860906.40666667,1099842.46400564,865240.109581483,1936625.64666667,1020497.67666667,595668.428125363,1.62763511888448,Alto
3370,2111300,BR211130,São Luís,834.785,BR21,MA,BR21002,Aglomeração Urbana de São Luís,BR2101,Norte Maranhense,1,1073893,IBGE (2015),Maranhão,Integral,1,São Luís,Maranhão,88998.0,1.01364,1.0,2111300.0,31236199.0,71080.0,5855182.0,15811268.0,4115744.0,2A,Capital Regional A,4.97694117081895,3.48557947698468,1.49136169383427,1600792.02639887,1201259.89486758,1273560.96464908,1254139.19550656,2159366.35115414,2012557.70917814,915797.503287611,1014520.72020197,3123245.10333333,1506607.05333333,675191.292087599,2.66184510522903,Alto
538,5002704,BR500270,Campo Grande,8092.951,BR50,MS,BR50004,Campo Grande,BR5002,Centro Norte de Mato Grosso do Sul,1,853622,IBGE (2015),Mato Grosso do Sul,Integral,1,Campo Grande,Mato Grosso do Sul,52955.0,0.60313,1.0,5002704.0,25437928.0,308918.0,3792766.0,12943149.0,4895739.0,2A,Capital Regional A,5.06260454439449,3.57124285056022,1.49136169383427,734419.135222316,721442.758439971,767683.269276329,822946.032332194,877243.943599028,580988.225224311,550396.24993352,618244.352243234,1387932.74453933,600087.509208267,395046.450760306,2.42629932336846,Alto
1066,3127701,BR312770,Governador Valadares,2342.325,BR31,MG,BR31037,Governador Valadares,BR3108,Vale do Rio Doce,0,278363,IBGE (2015),Minas Gerais e Espírito Santo,Integral,1,Governador Valadares,Minas Gerais,47383.0,0.53967,1.0,3127701.0,5651277.0,56280.0,622640.0,3262715.0,1140980.0,2C,Capital Regional C,4.08707120590654,2.9731278535997,1.11394335230684,335403.810181978,365071.700754605,329854.830947518,620130.967188753,395234.333726896,303533.220239944,435607.209248523,318439.869244923,300230.195833498,31609.22,215710.446680027,1.95920124872168,Alto
5512,1304104,BR130410,Tapauá,84946.146,BR13,AM,BR13012,Purus,BR1304,Sul Amazonense,0,18152,IBGE (2015),Médio Rio Purus,Parcial,1,Tapauá,Amazonas,1268.0,0.01444,0.0,1304104.0,216816.0,94807.0,6551.0,28885.0,84206.0,5,Centro Local,1.0,1.0,0.0,1967.22489331437,0.0,0.0,0.0,0.0,0.0,1287.5,3604.99999999999,0.0,0.0,12812.5240398293,2.02323833747615,Medio
5513,1304203,BR130420,Tefé,23692.223,BR13,AM,BR13005,Tefé,BR1303,Centro Amazonense,0,62444,IBGE (2015),Médio Rio Solimões e Afluentes,Integral,1,Tefé,Amazonas,7563.0,0.08614,1.0,1304203.0,650319.0,162061.0,55009.0,173837.0,235508.0,4B,Centro de Zona B,2.79934054945358,1.84509804001426,0.954242509439325,51423.7652251212,48507.4733333333,26401.2966666667,62311.6966666667,4661.61666666667,53103.9266666667,63880.7666666666,42389.75,96388.2066666667,5815.33333333334,78621.7911015286,1.49615985636865,Alto
5501,1303403,BR130340,Parintins,5952.369,BR13,AM,BR13010,Parintins,BR1303,Centro Amazonense,0,111575,IBGE (2015),Parintins,Integral,1,Parintins,Amazonas,1965.0,0.02238,1.0,1303403.0,1024890.0,276930.0,45185.0,255671.0,411219.0,3B,Centro Sub-Regional B,2.76937732607613,1.99122607569249,0.778151250383644,80604.0121412732,46808.3468187753,24610.6116525904,62299.7745623945,13133.3833333333,89231.2166666667,352618.278414494,67699.5852654908,96481.1766666667,4183.66666666667,35607.1399942269,1.18408030538668,Alto
2926,5107909,BR510790,Sinop,3942.229,BR51,MT,BR51007,Sinop,BR5101,Norte Mato-Grossense,0,129916,IBGE (2015),Parque Indígena do Xingú,Integral,1,Sinop,Mato Grosso,16379.0,0.18655,0.0,5107909.0,5117868.0,279289.0,556428.0,2923529.0,747739.0,2C,Capital Regional C,3.95085145888855,2.95085145888855,1.0,237237.536335466,301951.893333333,300432.496666667,306185.5,146215.8,331332.986666667,296265.773333333,171148.946479769,279057.316666667,43553.1666666667,107301.510278154,1.83656697752528,Alto
4331,2611606,BR261160,Recife,218.435,BR26,PE,BR26017,Recife,BR2605,Metropolitana de Recife,1,1617183,IBGE (2015),Pernambuco,Integral,1,Recife,Pernambuco,84441.0,0.96174,1.0,2611606.0,100856026.0,542263.0,19358978.0,49913009.0,14613672.0,1C,Metrópole,5.72968951515445,3.98150148814825,1.7481880270062,2041623.39113898,935919.268090483,1323849.44367167,1296374.72518916,3738409.03324955,1244190.49621128,1227639.41761321,2544242.77110446,4422081.24241979,2693875.88526103,492352.933988532,2.95970343434243,Alto
5519,1100023,BR110002,Ariquemes,4426.571,BR11,RO,BR11003,Ariquemes,BR1102,Leste Rondoniense,0,104401,IBGE (2015),Porto Velho,Integral,1,Ariquemes,Rondônia,12608.0,0.1436,1.0,1100023.0,2183383.0,145069.0,353163.0,879967.0,589089.0,3A,Centro Sub-Regional A,3.46209838113515,2.68394713075151,0.778151250383644,118549.626049472,150725.92,177868.166666667,138705.106666667,61339.2233333333,165599.843333333,195079.633333333,110107.633333333,0.0,6999.66666666666,163674.288852904,2.42069173385578,Alto
4072,2507507,BR250750,João Pessoa,211.475,BR25,PB,BR25022,João Pessoa,BR2504,Mata Paraibana,1,791438,IBGE (2015),Potiguara,Integral,1,João Pessoa,Paraíba,54151.0,0.61675,1.0,2507507.0,25392824.0,162488.0,4395704.0,12541280.0,4967731.0,2A,Capital Regional A,4.97580390147668,3.48444220764241,1.49136169383427,702213.925562404,524106.029333489,437989.355476854,633195.166013845,1260484.06286405,793436.347422156,583194.847011528,483259.900559159,1399758.17,474287.313333333,166540.909385597,2.67985891589765,Alto
2864,1503606,BR150360,Itaituba,62042.302,BR15,PA,BR15014,Itaituba,BR1505,Sudoeste Paraense,0,98446,IBGE (2015),Rio Tapajós,Integral,1,Itaituba,Pará,4208.0,0.04793,0.0,1503606.0,1601485.0,176650.0,260759.0,666723.0,328577.0,3B,Centro Sub-Regional B,3.23603314711764,2.39093510710338,0.845098040014257,35691.4733439424,40128.05,42008.1666666666,47290.7166666666,3244.95,20448.9833333333,25987.3666666666,61893.3166666667,21562.05,0.0,82697.8291059028,4.26323234121685,Alto
3178,1721000,BR172100,Palmas,2218.943,BR17,TO,BR17006,Porto Nacional,BR1702,Oriental do Tocantins,1,272726,IBGE (2015),Tocantins,Integral,1,Palmas,Tocantins,48527.0,0.5527,1.0,1721000.0,8108595.0,54769.0,913214.0,4266575.0,1810763.0,2B,Capital Regional B,4.63002085111341,3.19865708695442,1.43136376415899,519254.382200659,302125.39838191,374801.4022056,474231.562892136,518220.080919013,700380.936427912,512740.630796833,453568.831907698,1062140.21666667,526127.893539117,184061.100819995,2.61431190145792,Alto
5465,1300607,BR130060,Benjamin Constant,8785.32,BR13,AM,BR13003,Alto Solimões,BR1302,Sudoeste Amazonense,0,39484,IBGE (2015),Vale do Javari,Integral,1,Benjamin Constant,Amazonas,893.0,0.01017,0.0,1300607.0,266870.0,38851.0,11112.0,47635.0,162971.0,5,Centro Local,1.60205999132796,1.30102999566398,0.301029995663981,19010.1644489866,6763.66666666667,2591.73333333333,4535.53333333333,0.0,39156.6166666667,37011.65,30300.4833333334,0.0,0.0,46317.7508742126,0.809138505473584,Alto
5539,1100304,BR110030,Vilhena,11699.265,BR11,RO,BR11007,Vilhena,BR1102,Leste Rondoniense,0,91801,IBGE (2015),Vilhena,Integral,1,Vilhena,Rondônia,8031.0,0.09147,1.0,1100304.0,2420745.0,112175.0,459563.0,1002982.0,536978.0,3A,Centro Sub-Regional A,3.58613702523079,2.68304703823885,0.903089986991944,66832.3480481306,77438.47,70485.6166666667,69199.1,42889.4,78494.05,100190.316666667,78265.1133333333,71318.8333333333,24728.2666666667,27277.1557665083,2.16525736803218,Alto
606,5101803,BR510180,Barra do Garças,9078.984,BR51,MT,BR51011,Médio Araguaia,BR5102,Nordeste Mato-Grossense,0,58398,IBGE (2015),Xavante,Integral,1,Barra do Garças,Mato Grosso,15102.0,0.172,0.0,5101803.0,2053977.0,136527.0,315922.0,984253.0,419892.0,3A,Centro Sub-Regional A,3.52218331761868,2.61909333062674,0.903089986991944,76532.1045369371,74006.5189711934,86417.7797333333,80427.0163238095,32686.15,144803.183333333,84452.6054901455,55458.8890304848,59501.95,10902.5333333333,103258.194652337,1.80050001146815,Alto
2846,1400209,BR140020,Caracaraí,47408.903,BR14,RR,BR14003,Caracaraí,BR1402,Sul de Roraima,0,20261,IBGE (2015),Yanomami,Parcial,1,Caracaraí,Roraima,915.0,0.01042,0.0,1400209.0,322843.0,33253.0,14474.0,55576.0,201126.0,5,Centro Local,2.10720996964787,1.50514997831991,0.602059991327962,11367.6207518395,1933.33333333334,0.0,1933.33333333334,0.0,1160.0,773.333333333334,6186.66666666666,0.0,0.0,92603.3320771442,1.11296605453534,Alto
2608,4313409,BR431340,Novo Hamburgo,223.821,BR43,RS,BR43026,Porto Alegre,BR4305,Metropolitana de Porto Alegre,0,248694,IBGE (2015),Litoral Sul,Integral,1,Novo Hamburgo,Rio Grande do Sul,8364.0,0.09526,0.0,,,,,,,,,,,,,,,,,,,,,,,,
71,4209003,BR420900,Joaçaba,242.11,BR42,SC,BR42004,Joaçaba,BR4201,Oeste Catarinense,0,29008,IBGE (2015), ,,0,Joaçaba,Santa Catarina,8583.0,0.09776,1.0,4209003.0,2037450.0,100918.0,405823.0,1029823.0,271867.0,2C,Capital Regional C,3.67117284271508,2.67117284271508,1.0,88059.060153135,102442.19545334,82626.8141161844,178915.732265739,74238.3666666666,161749.977219487,77025.7225292686,80994.8575745692,0.0,19017.9052866992,100725.446070531,3.87877534133223,Alto
4895,3502101,BR350210,Andradina,964.226,BR35,SP,BR35016,Andradina,BR3503,Araçatuba,0,57250,IBGE (2015), ,,0,Andradina,São Paulo,8590.0,0.09784,0.0,3502101.0,3109727.0,119854.0,1495549.0,1042418.0,216897.0,3B,Centro Sub-Regional B,3.36398782974849,2.46089784275655,0.903089986991944,43646.8885319043,42596.5260679631,47174.25,82723.6166666667,3317.2,22846.2990652816,62805.3293798468,37762.2167556899,0.0,28958.90535518,108258.767028415,2.22370079843115,Alto
4357,2613909,BR261390,Serra Talhada,2980.006,BR26,PE,BR26003,Pajeú,BR2601,Sertão Pernambucano,0,84352,IBGE (2015), ,,0,Serra Talhada,Pernambuco,8598.0,0.09793,1.0,2613909.0,1288246.0,27533.0,139194.0,629670.0,306645.0,3A,Centro Sub-Regional A,3.31470969295517,2.41161970596323,0.903089986991944,114827.870027487,165011.366666667,179200.0,224125.08,42762.0933333333,266528.513333333,90650.0333333334,56044.5,0.0,1272.08333333333,97767.7666989819,5.11810105626414,Alto
5135,4108809,BR410880,Guaíra,560.485,BR41,PR,BR41022,Toledo,BR4106,Oeste Paranaense,0,32591,IBGE (2015),Interior Sul,Integral,1,Guaíra,Paraná,8650.0,0.09852,0.0,4108809.0,893337.0,137786.0,84984.0,452224.0,141154.0,3B,Centro Sub-Regional B,2.97772360528885,2.27875360095283,0.698970004336019,32965.8038411536,35610.0466666667,93189.7833333334,12647.1333333333,0.0,38540.8766666666,20470.3666666667,15628.7133333333,0.0,3487.8,109331.606683314,1.82243416456581,Alto
2941,1500800,BR150080,Ananindeua,190.451,BR15,PA,BR15007,Belém,BR1503,Metropolitana de Belém,0,505404,IBGE (2015), ,,0,Ananindeua,Pará,8704.0,0.09913,0.0,,,,,,,,,,,,,,,,,,,,,,,,
2338,3554102,BR355410,Taubaté,625.003,BR35,SP,BR35050,São José dos Campos,BR3513,Vale do Paraíba Paulista,0,302331,IBGE (2015), ,,0,Taubaté,São Paulo,8757.0,0.09974,1.0,,,,,,,,,,,,,,,,,,,,,,,,
3543,2207009,BR220700,Oeiras,2702.493,BR22,PI,BR22013,Picos,BR2204,Sudeste Piauiense,0,36329,IBGE (2015), ,,0,Oeiras,Piauí,8946.0,0.10189,0.0,2207009.0,377701.0,10754.0,33882.0,174385.0,123240.0,3B,Centro Sub-Regional B,2.85430604180108,2.15533603746506,0.698970004336019,27427.7001480291,35159.24,28411.7766666667,37239.1699641694,7126.99666666667,16251.4733333333,64241.4583522147,42906.8420886275,0.0,0.0,20971.9474009659,3.65151064347732,Alto
1594,3171303,BR317130,Viçosa,299.418,BR31,MG,BR31062,Viçosa,BR3112,Zona da Mata,0,77318,IBGE (2015), ,,0,Viçosa,Minas Gerais,9160.0,0.10433,0.0,3171303.0,1573803.0,40204.0,183310.0,895088.0,321331.0,3B,Centro Sub-Regional B,3.15836249209525,2.38021124171161,0.778151250383644,129669.91971669,107263.027674672,70348.5317375801,72691.5019720181,13376.9166666667,679116.645269752,137377.69115719,48588.4670408351,0.0,68769.2666666666,95708.8833652456,2.74645148745868,Alto
3450,2202307,BR220230,Canto do Buriti,4325.642,BR22,PI,BR22011,São Raimundo Nonato,BR2203,Sudoeste Piauiense,0,20700,IBGE (2015), ,,0,Canto do Buriti,Piauí,9170.0,0.10444,0.0,2202307.0,202725.0,31887.0,9761.0,68902.0,77789.0,4B,Centro de Zona B,2.23299611039215,1.75587485567249,0.477121254719662,13997.1227021565,14930.3333333333,14641.4333333333,6695.38333333333,0.0,10903.1333333333,13608.5,17868.9333333333,0.0,0.0,51571.2723635383,1.08942781356574,Alto
4910,4203006,BR420300,Caçador,984.285,BR42,SC,BR42004,Joaçaba,BR4201,Oeste Catarinense,0,75812,IBGE (2015),Interior Sul,Integral,1,Caçador,Santa Catarina,9341.0,0.10639,0.0,4203006.0,2721986.0,175901.0,1025812.0,862689.0,304307.0,2C,Capital Regional C,3.53083977861652,2.68574173860226,0.845098040014257,29499.8532567891,23102.2566666667,50682.8333333333,47830.25,16900.0333333333,57091.9059129598,21106.2,21797.240850334,0.0,22023.2301409012,30761.1156636961,1.51548232151343,Alto
2015,3522307,BR352230,Itapetininga,1789.35,BR35,SP,BR35042,Itapetininga,BR3511,Itapetininga,0,157016,IBGE (2015), ,,0,Itapetininga,São Paulo,9424.0,0.10733,0.0,3522307.0,4739441.0,342092.0,1346459.0,2050518.0,561075.0,3A,Centro Sub-Regional A,3.57194163507446,2.79379038469082,0.778151250383644,90100.8105740817,101381.371691512,100302.163333333,86957.0051583172,12164.4833333333,163219.217681142,105633.72291379,180256.983754793,0.0,18164.2820498523,132570.349508953,0.84448911382167,Alto
474,4320800,BR432080,Soledade,1213.41,BR43,RS,BR43013,Soledade,BR4301,Noroeste Rio-Grandense,0,31261,IBGE (2015), ,,0,Soledade,Rio Grande do Sul,9555.0,0.10883,0.0,4320800.0,748891.0,124109.0,94473.0,339095.0,131187.0,3B,Centro Sub-Regional B,2.85186960072976,2.3747483460101,0.477121254719662,24960.5876256516,19948.7666666667,24283.5333333333,16177.05,2033.73333333333,23294.95,44409.2666666667,14968.44,0.0,7147.56666666667,96939.5956085545,3.77821551974683,Alto
1162,3136207,BR313620,João Monlevade,99.158,BR31,MG,BR31031,Itabira,BR3107,Metropolitana de Belo Horizonte,0,78583,IBGE (2015), ,,0,João Monlevade,Minas Gerais,9557.0,0.10885,0.0,3136207.0,2474713.0,2942.0,823220.0,1023086.0,364312.0,3B,Centro Sub-Regional B,3.32221929473392,2.54406804435028,0.778151250383644,78849.3895198213,116260.206666667,145596.776666667,96846.5000000001,22526.6833333333,87423.2461749947,62312.9,69831.8666666666,0.0,58922.4533333333,128773.262356552,1.32760640374854,Alto
655,5108402,BR510840,Várzea Grande,1048.212,BR51,MT,BR51017,Cuiabá,BR5104,Centro-Sul Mato-Grossense,0,268594,IBGE (2015),Cuiabá,Integral,1,Várzea Grande,Mato Grosso,9627.0,0.10965,0.0,,,,,,,,,,,,,,,,,,,,,,,,
1187,3138203,BR313820,Lavras,564.744,BR31,MG,BR31057,Lavras,BR3111,Campo das Vertentes,0,100243,IBGE (2015), ,,0,Lavras,Minas Gerais,9628.0,0.10966,0.0,3138203.0,2766841.0,118995.0,550774.0,1311662.0,470049.0,3A,Centro Sub-Regional A,3.59061894820657,2.68752896121463,0.903089986991944,93076.8049577019,117618.103333333,116122.93,143809.82882123,49200.91,217522.177412846,145713.579661152,87710.2260729567,0.0,2029.1,50984.4313125375,1.53416664570811,Alto
3205,2101251,BR210125,Bacabeira,615.588,BR21,MA,BR21003,Rosário,BR2101,Norte Maranhense,0,16553,IBGE (2015),Maranhão,Integral,1,Bacabeira,Maranhão,9661.0,0.11003,0.0,2101251.0,344312.0,12769.0,180744.0,67380.0,59850.0,5,Centro Local,,1.7160033436348,,16345.6728287937,0.0,0.0,0.0,0.0,3117.0,34532.6333333333,34532.6333333333,0.0,0.0,77006.0786538368,0.0,Medio
1364,3152501,BR315250,Pouso Alegre,543.068,BR31,MG,BR31052,Pouso Alegre,BR3110,Sul/Sudoeste de Minas,0,143846,IBGE (2015), ,,0,Pouso Alegre,Minas Gerais,9828.0,0.11194,1.0,3152501.0,6819789.0,101698.0,1367380.0,3613049.0,623572.0,2C,Capital Regional C,3.92921450373739,2.97497199429807,0.954242509439325,203875.271572548,245318.145337004,276693.859572753,410127.963807158,283444.390248862,263389.258836198,248906.689011948,144909.912553183,0.0,17848.6,139269.152062614,2.33101798981607,Alto
4649,2909802,BR290980,Cruz das Almas,145.742,BR29,BA,BR29020,Santo Antônio de Jesus,BR2905,Metropolitana de Salvador,0,64197,IBGE (2015),Bahia,Integral,1,Cruz das Almas,Bahia,9829.0,0.11195,0.0,2909802.0,961686.0,59097.0,110957.0,495923.0,188512.0,3B,Centro Sub-Regional B,2.90955602924117,2.30749603791321,0.602059991327962,69002.2747191126,88585.661322658,94055.0562931849,63202.0232913066,3503.93333333333,178480.692795117,108154.962676835,44062.2883565402,0.0,0.0,93539.9879306156,1.35197467830955,Alto
4988,2911709,BR291170,Guanambi,1272.367,BR29,BA,BR29026,Guanambi,BR2906,Centro Sul Baiano,0,85797,IBGE (2015), ,,0,Guanambi,Bahia,9865.0,0.11236,0.0,2911709.0,1198658.0,30821.0,176533.0,627067.0,251905.0,3A,Centro Sub-Regional A,3.40551710697637,2.50242711998443,0.903089986991944,169961.377574828,243052.033333333,234672.59,310119.796028125,95396.13,270289.65025029,189695.983333333,115999.616666667,0.0,117012.533333333,107760.778618971,2.41626395600733,Alto
867,3110707,BR311070,Cambuquira,246.38,BR31,MG,BR31054,São Lourenço,BR3110,Sul/Sudoeste de Minas,0,13026,IBGE (2015), ,,0,Cambuquira,Minas Gerais,9866.0,0.11237,0.0,3110707.0,293561.0,139367.0,14108.0,83544.0,47109.0,5,Centro Local,,1.60205999132796,,10392.8260291789,319.666666666667,319.666666666667,239.75,0.0,0.0,5884.95,6132.7,0.0,0.0,91031.526958456,3.58926342072409,Medio
2460,4209102,BR420910,Joinville,1126.106,BR42,SC,BR42008,Joinville,BR4202,Norte Catarinense,0,562151,IBGE (2015),Litoral Sul,Integral,1,Joinville,Santa Catarina,9904.0,0.1128,1.0,4209102.0,28421006.0,136883.0,8408848.0,11631476.0,2754239.0,2B,Capital Regional B,4.71393552989094,3.5999921775841,1.11394335230684,422424.692948578,461980.099679694,503320.419791029,490146.318869943,507493.69761071,398798.8783104,400133.877317721,321993.980174271,242496.633962534,558346.461460135,339330.728235267,1.74879891071123,Alto
4887,5218003,BR521800,Porangatu,4820.518,BR52,GO,BR52004,Porangatu,BR5202,Norte Goiano,0,44798,IBGE (2015), ,,0,Porangatu,Goiás,9943.0,0.11325,1.0,5218003.0,845940.0,102671.0,106821.0,394827.0,164511.0,4A,Centro de Zona A,2.55990662503611,2.08278537031645,0.477121254719662,38507.5790658352,32746.1033333333,33822.4166666667,40444.15,8380.46666666667,42326.6833333333,61029.85,46154.4266666667,0.0,51999.2666666667,67265.8125102045,2.45841731080153,Alto
122,4219507,BR421950,Xanxerê,377.764,BR42,SC,BR42003,Xanxerê,BR4201,Oeste Catarinense,0,48370,IBGE (2015),Interior Sul,Integral,1,Xanxerê,Santa Catarina,9976.0,0.11362,0.0,4219507.0,1528010.0,96159.0,293443.0,773709.0,197061.0,3B,Centro Sub-Regional B,3.16435285578443,2.56229286445647,0.602059991327962,69526.4017392084,72019.0114227305,110786.112158285,182454.765025466,81436.393541096,64100.4568720319,35671.9774265026,23979.986789287,0.0,13442.0333333333,107267.85514797,3.00145103261842,Alto
3466,2202901,BR220290,Corrente,3048.447,BR22,PI,BR22012,Chapadas do Extremo Sul Piauiense,BR2203,Sudoeste Piauiense,0,26084,IBGE (2015), ,,0,Corrente,Piauí,10006.0,0.11396,0.0,2202901.0,280289.0,29523.0,13001.0,115205.0,99620.0,4A,Centro de Zona A,2.67117284271509,1.82607480270083,0.845098040014257,36482.8935486545,45930.4248222716,35932.8969206084,33177.9022575988,3112.2,71195.3197514328,52912.8474995169,49015.249410789,0.0,0.0,39278.762508561,1.69332079021637,Alto
681,2905602,BR290560,Camacan,584.848,BR29,BA,BR29031,Ilhéus-Itabuna,BR2907,Sul Baiano,0,33197,IBGE (2015),Bahia,Integral,1,Camacan,Bahia,10041.0,0.11436,0.0,2905602.0,269741.0,28909.0,19962.0,102346.0,104831.0,4B,Centro de Zona B,2.09342168516223,1.79239168949825,0.301029995663981,16198.4465323652,18383.9166666667,20310.75,17616.6333333333,6214.0,0.0,11716.0,36034.7666666667,0.0,15571.0,28285.5845731096,2.62762762762763,Alto
3607,2210607,BR221060,São Raimundo Nonato,2415.602,BR22,PI,BR22011,São Raimundo Nonato,BR2203,Sudoeste Piauiense,0,33802,IBGE (2015), ,,0,São Raimundo Nonato,Piauí,10083.0,0.11484,0.0,2210607.0,389031.0,7861.0,23014.0,195081.0,123856.0,3B,Centro Sub-Regional B,2.93145787068901,2.08635983067475,0.845098040014257,59573.7195991499,116798.483333333,86997.9866666667,83332.5,17199.2,37843.8833333333,116427.9,30084.42,0.0,0.0,60909.2300799423,7.99189228319097,Alto
3351,2110203,BR211020,Santa Rita,706.385,BR21,MA,BR21003,Rosário,BR2101,Norte Maranhense,0,35980,IBGE (2015),Maranhão,Integral,1,Santa Rita,Maranhão,10126.0,0.11533,0.0,2110203.0,267764.0,17119.0,19901.0,97916.0,112100.0,5,Centro Local,1.5910646070265,1.5910646070265,0.0,9900.38969242502,2813.38333333334,1966.41666666667,0.0,0.0,1127.88333333334,21198.15,20754.5833333333,0.0,0.0,44507.7820402714,1.17634477595979,Medio
418,4317202,BR431720,Santa Rosa,489.798,BR43,RS,BR43001,Santa Rosa,BR4301,Noroeste Rio-Grandense,0,72240,IBGE (2015), ,,0,Santa Rosa,Rio Grande do Sul,10282.0,0.11711,0.0,4317202.0,2580978.0,128249.0,519132.0,1287022.0,344781.0,3A,Centro Sub-Regional A,3.64424158584372,2.74115159885178,0.903089986991944,84016.7692778554,115876.627885998,138440.606121344,91334.9237118277,80698.6166666667,91369.9142018155,144194.756411673,58198.4387112679,0.0,11350.2966666667,98900.6111634178,3.22275401472867,Alto
953,3118304,BR311830,Conselheiro Lafaiete,370.246,BR31,MG,BR31034,Conselheiro Lafaiete,BR3107,Metropolitana de Belo Horizonte,0,125421,IBGE (2015), ,,0,Conselheiro Lafaiete,Minas Gerais,10365.0,0.11805,0.0,3118304.0,8349990.0,40675.0,3386235.0,2843915.0,1050798.0,3B,Centro Sub-Regional B,3.62757066418055,2.78247262416629,0.845098040014257,49093.8702014935,78404.2166666667,60476.6,49151.4283788885,12255.5833333333,91473.9393992669,60718.3554929396,59610.5,0.0,30981.7,47866.3787438401,1.7107013875689,Alto
2040,3524808,BR352480,Jales,368.574,BR35,SP,BR35001,Jales,BR3501,São José do Rio Preto,0,48922,IBGE (2015), ,,0,Jales,São Paulo,10469.0,0.11924,0.0,3524808.0,1398847.0,79208.0,240394.0,793260.0,188152.0,3B,Centro Sub-Regional B,3.28284860283465,2.43775056282039,0.845098040014257,70465.0583088609,90021.013532519,99176.707657118,92869.1689462459,175973.303748316,50726.5270348519,36772.8524608088,44661.5102479844,0.0,37012.2577148082,75409.0254496616,2.92603218635405,Alto
795,3104007,BR310400,Araxá,1164.062,BR31,MG,BR31023,Araxá,BR3105,Triângulo Mineiro/Alto Paranaíba,0,102238,IBGE (2015), ,,0,Araxá,Minas Gerais,10712.0,0.122,0.0,3104007.0,5308880.0,158426.0,1830733.0,2114454.0,478795.0,3B,Centro Sub-Regional B,3.73862202791794,2.9604707775343,0.778151250383644,28690.4910791823,35102.4,44270.7666666667,26867.4166666667,12312.6166666667,47444.9,24861.31,25712.1333333333,7802.6,9030.83333333333,53241.0947547081,4.0257208954952,Alto
769,3101706,BR310170,Almenara,2294.426,BR31,MG,BR31014,Almenara,BR3103,Jequitinhonha,0,41296,IBGE (2015), ,,0,Almenara,Minas Gerais,10803.0,0.12304,0.0,3101706.0,474544.0,15946.0,50502.0,222897.0,157617.0,3B,Centro Sub-Regional B,2.80617997398389,2.10720996964787,0.698970004336019,60144.0709772571,68194.55,78631.4666666667,50841.7666666667,2131.7,69747.9966666666,68469.4333333333,51721.8333333334,0.0,168087.25,40382.6168096081,3.4100187310888,Alto
2317,3552205,BR355220,Sorocaba,450.382,BR35,SP,BR35046,Sorocaba,BR3512,Macro Metropolitana Paulista,0,644919,IBGE (2015), ,,0,Sorocaba,São Paulo,10883.0,0.12395,1.0,3552205.0,38705164.0,82224.0,10822138.0,18024771.0,3258690.0,2B,Capital Regional B,4.62368336787722,3.47755533219898,1.14612803567824,549826.131273437,705300.389343662,718207.391010619,833108.216505551,736476.074307918,715799.258133116,670914.506662437,461020.1100402,0.0,312097.508187618,345193.011856802,2.45201647719096,Alto
5529,1100122,BR110012,Ji-Paraná,6896.648,BR11,RO,BR11004,Ji-Paraná,BR1102,Leste Rondoniense,0,130419,IBGE (2015),Porto Velho,Integral,1,Ji-Paraná,Rondônia,10905.0,0.1242,0.0,1100122.0,2991592.0,140867.0,417686.0,1367134.0,668454.0,2C,Capital Regional C,3.90633504180509,2.90633504180509,1.0,161781.590385308,165476.216666667,195035.466666667,191873.716666667,65671.71,157117.816666667,240674.433333333,149122.5,157676.966666667,97985.5166666667,180698.660076652,2.2594541346447,Alto
4738,2921302,BR292130,Milagres,420.357,BR29,BA,BR29024,Jequié,BR2906,Centro Sul Baiano,0,11659,IBGE (2015), ,,0,Milagres,Bahia,10929.0,0.12448,0.0,2921302.0,91049.0,2245.0,6528.0,37591.0,38334.0,5,Centro Local,,1.47712125471966,,12319.7364645877,297.571179344033,0.0,0.0,0.0,0.0,30963.6966666667,8919.76584513692,0.0,0.0,82009.7835688372,1.90753020256154,Medio
5072,4102604,BR410260,Barracão,171.402,BR41,PR,BR41026,Francisco Beltrão,BR4107,Sudoeste Paranaense,0,10231,IBGE (2015), ,,0,Barracão,Paraná,10958.0,0.12481,0.0,,,,,,,,,,,,,,,,,,,,,,,,
3448,2202208,BR220220,Campo Maior,1675.713,BR22,PI,BR22004,Campo Maior,BR2202,Centro-Norte Piauiense,0,45971,IBGE (2015), ,,0,Campo Maior,Piauí,11033.0,0.12566,0.0,2202208.0,526318.0,19849.0,38555.0,234879.0,177104.0,3B,Centro Sub-Regional B,2.86033800657099,2.16136800223497,0.698970004336019,39844.0176281682,49265.18,46945.1666666667,49248.0033333333,20944.8833333334,41372.07,42307.75,41156.7833333333,0.0,0.0,88072.8920572038,4.91768227496258,Alto
2733,5211503,BR521150,Itumbiara,2464.51,BR52,GO,BR52015,Meia Ponte,BR5205,Sul Goiano,0,100548,IBGE (2015), ,,0,Itumbiara,Goiás,11157.0,0.12707,1.0,5211503.0,5192038.0,354973.0,2006086.0,1878910.0,454617.0,3A,Centro Sub-Regional A,3.72525806635996,2.82216807936802,0.903089986991944,50623.3114458162,41046.65,62511.46,54269.0166666667,24105.1666666666,50332.95,73247.1782611895,81425.6641822379,0.0,25357.3166666667,84331.677138191,2.22713116535091,Alto
1412,3157005,BR315700,Salinas,1862.117,BR31,MG,BR31005,Salinas,BR3102,Norte de Minas,0,41301,IBGE (2015), ,,0,Salinas,Minas Gerais,11183.0,0.12737,0.0,3157005.0,545536.0,22241.0,63431.0,259891.0,149595.0,4A,Centro de Zona A,2.65321251377534,2.17609125905568,0.477121254719662,36015.3058460508,33448.1833333333,39276.8333333333,65925.6833333333,14646.5333333333,35896.2466666667,38806.31,62429.0166666667,0.0,5664.06666666667,58452.3891540202,1.88638177464993,Alto
1948,3516200,BR351620,Franca,605.679,BR35,SP,BR35012,Franca,BR3502,Ribeirão Preto,0,342112,IBGE (2015), ,,0,Franca,São Paulo,11198.0,0.12754,0.0,3516200.0,11258945.0,499251.0,2917531.0,5615933.0,1297086.0,2C,Capital Regional C,4.31991764989525,3.27852496473702,1.04139268515823,144956.220470591,323893.47976254,154937.003586117,102206.165588242,96026.5031053151,346151.867154735,161689.13087693,150422.390692328,0.0,61103.4557904725,48551.6211121883,1.94246181210776,Alto
964,3119401,BR311940,Coronel Fabriciano,221.252,BR31,MG,BR31039,Ipatinga,BR3108,Vale do Rio Doce,0,109363,IBGE (2015), ,,0,Coronel Fabriciano,Minas Gerais,11216.0,0.12774,1.0,,,,,,,,,,,,,,,,,,,,,,,,
5532,1100155,BR110015,Ouro Preto do Oeste,1969.85,BR11,RO,BR11004,Ji-Paraná,BR1102,Leste Rondoniense,0,39924,IBGE (2015),Porto Velho,Integral,1,Ouro Preto do Oeste,Rondônia,11244.0,0.12806,0.0,1100155.0,708915.0,116147.0,79860.0,247776.0,216406.0,3B,Centro Sub-Regional B,2.73239375982297,2.25527250510331,0.477121254719662,34186.7664673074,27763.65,19586.0,26046.14,2089.66666666667,16626.3633333333,28257.3,58134.9500000001,0.0,0.0,158438.46951615,2.39405613648872,Alto
550,5003702,BR500370,Dourados,4086.237,BR50,MS,BR50010,Dourados,BR5004,Sudoeste de Mato Grosso do Sul,0,212870,IBGE (2015),Mato Grosso do Sul,Integral,1,Dourados,Mato Grosso do Sul,11265.0,0.1283,1.0,5003702.0,7826585.0,603632.0,1082780.0,3993003.0,1234511.0,2C,Capital Regional C,4.10693845073818,2.99299509843134,1.11394335230684,331015.935137187,333599.256531968,339477.389198193,433714.833444341,314242.638832077,481051.67091264,393328.313692129,312284.046503761,172719.754425467,402805.078070862,126372.304945614,2.78777181906637,Alto
1689,3300407,BR330040,Barra Mansa,547.196,BR33,RJ,BR33011,Vale do Paraíba Fluminense,BR3305,Sul Fluminense,0,179915,IBGE (2015), ,,0,Barra Mansa,Rio de Janeiro,11386.0,0.12968,0.0,,,,,,,,,,,,,,,,,,,,,,,,
2142,3534708,BR353470,Ourinhos,295.82,BR35,SP,BR35040,Ourinhos,BR3510,Assis,0,110282,IBGE (2015), ,,0,Ourinhos,São Paulo,11403.0,0.12987,0.0,3534708.0,2874083.0,64775.0,510713.0,1643699.0,403989.0,3A,Centro Sub-Regional A,3.62469453127208,2.77959649125782,0.845098040014257,119991.739884391,140241.576666667,167330.516666667,145840.79,88896.34,210491.396666667,223566.647108171,83761.1100000001,0.0,25670.5766666667,114108.854328329,1.40857021637675,Alto
177,4303509,BR430350,Camaquã,1679.434,BR43,RS,BR43028,Camaquã,BR4305,Metropolitana de Porto Alegre,0,65835,IBGE (2015),Litoral Sul,Integral,1,Camaquã,Rio Grande do Sul,11415.0,0.13001,0.0,4303509.0,1831455.0,313328.0,238035.0,808197.0,275682.0,3B,Centro Sub-Regional B,3.29776051109914,2.59879050676312,0.698970004336019,30381.380799922,44565.6666666667,56429.7333333333,49078.1666666667,12045.5333333333,43076.3166666667,21863.65,36488.1666666667,0.0,950.000000000001,39316.5746658871,2.12011993821365,Alto
1205,3139409,BR313940,Manhuaçu,628.318,BR31,MG,BR31061,Manhuaçu,BR3112,Zona da Mata,0,86844,IBGE (2015), ,,0,Manhuaçu,Minas Gerais,11449.0,0.1304,1.0,3139409.0,2082034.0,97828.0,423830.0,1016173.0,323582.0,3A,Centro Sub-Regional A,3.49526674438781,2.59217675739587,0.903089986991944,133588.480748321,211153.453333333,253631.155726963,203716.906134429,98540.52,204580.35,132181.503333333,79281.22,0.0,84860.8866666666,67186.0296583838,2.18472707717128,Alto
368,4314407,BR431440,Pelotas,1610.084,BR43,RS,BR43033,Pelotas,BR4307,Sudeste Rio-Grandense,0,342873,IBGE (2015),Litoral Sul,Integral,1,Pelotas,Rio Grande do Sul,11521.0,0.13122,1.0,4314407.0,8337447.0,285328.0,1060065.0,4691696.0,1513675.0,2C,Capital Regional C,4.25287729256376,3.13893394025692,1.11394335230684,295090.121464358,393734.400134814,370078.152271026,361424.495842357,286332.675498568,571300.332350998,389981.189155444,222260.970509785,34123.19,97747.0763636585,223918.732516929,3.13086361006419,Alto
5226,4118501,BR411850,Pato Branco,539.087,BR41,PR,BR41027,Pato Branco,BR4107,Sudoeste Paranaense,0,79011,IBGE (2015),Interior Sul,Integral,1,Pato Branco,Paraná,11561.0,0.13167,1.0,4118501.0,3681414.0,354704.0,751344.0,1790165.0,389815.0,3A,Centro Sub-Regional A,3.75250940078884,2.8494194137969,0.903089986991944,150380.368587438,186446.526666667,160219.086666667,290465.845385435,195075.830913298,159575.353333333,185501.709841138,110901.886550253,0.0,172055.45,42004.9542953681,3.1788975312817,Alto
3811,2400208,BR240020,Açu,1303.442,BR24,RN,BR24004,Vale do Açu,BR2401,Oeste Potiguar,0,57292,IBGE (2015),Potiguara,Integral,1,Açu,Rio Grande do Norte,11663.0,0.13284,0.0,2400208.0,783644.0,19768.0,124289.0,324444.0,252219.0,3B,Centro Sub-Regional B,3.21695720736109,2.31386722036915,0.903089986991944,51318.1906598048,69230.1333333333,81345.64,42769.49,2613.73333333333,112782.283333333,66185.37,58346.1166666667,0.0,0.0,24926.2069822685,0.919436541530775,Alto
5294,4127700,BR412770,Toledo,1196.999,BR41,PR,BR41022,Toledo,BR4106,Oeste Paranaense,0,132077,IBGE (2015), ,,0,Toledo,Paraná,11739.0,0.1337,1.0,4127700.0,5579916.0,610389.0,1368264.0,2423704.0,632663.0,3A,Centro Sub-Regional A,3.71332250498702,2.81023251799508,0.903089986991944,101408.758754424,97881.5669230227,115440.953333333,116151.623333333,45647.0833333333,107203.716944914,286818.678378705,154288.530310051,0.0,31520.89,55664.3704953153,2.22073097331664,Alto
1806,3503208,BR350320,Araraquara,1003.625,BR35,SP,BR35024,Araraquara,BR3505,Araraquara,0,226508,IBGE (2015), ,,0,Araraquara,São Paulo,11753.0,0.13386,0.0,3503208.0,10905113.0,229810.0,2313171.0,5857174.0,1134539.0,2C,Capital Regional C,4.28569230185409,3.13956426617585,1.14612803567824,198777.507555,198227.051379421,178901.251981133,264664.518818398,180031.36816497,412281.669377902,231827.523677185,261675.231849658,0.0,20622.0389860384,236346.445389365,2.1507685390544,Alto
251,4307807,BR430780,Estrela,184.176,BR43,RS,BR43021,Lajeado-Estrela,BR4304,Centro Oriental Rio-Grandense,0,32748,IBGE (2015),Litoral Sul,Integral,1,Estrela,Rio Grande do Sul,11834.0,0.13478,0.0,,,,,,,,,,,,,,,,,,,,,,,,
2181,3538709,BR353870,Piracicaba,1378.069,BR35,SP,BR35028,Piracicaba,BR3506,Piracicaba,0,391449,IBGE (2015), ,,0,Piracicaba,São Paulo,11839.0,0.13484,0.0,3538709.0,23141704.0,231787.0,5852853.0,10535418.0,1796398.0,2C,Capital Regional C,4.40353230484944,3.2895889525426,1.11394335230684,273000.032954385,464248.867094719,422132.290449739,328197.807567826,294789.065806085,437972.5569818,318840.245720214,210383.931293039,0.0,46214.5531678238,206519.763314457,1.80974659207791,Alto
354,4313706,BR431370,Palmeira das Missões,1419.43,BR43,RS,BR43009,Carazinho,BR4301,Noroeste Rio-Grandense,0,34974,IBGE (2015), ,,0,Palmeira das Missões,Rio Grande do Sul,11915.0,0.13571,0.0,4313706.0,1331820.0,437013.0,105455.0,540534.0,155104.0,3B,Centro Sub-Regional B,3.23552844690755,2.33243845991561,0.903089986991944,15787.7806865897,16546.4966666667,14792.9830717797,17900.2033333333,2443.16666666667,17548.6833333333,35854.1438085895,12929.39,0.0,6370.77333333333,33374.0555410834,3.19584241808787,Alto
5445,4109401,BR410940,Guarapuava,3178.649,BR41,PR,BR41029,Guarapuava,BR4108,Centro-Sul Paranaense,0,178126,IBGE (2015),Interior Sul,Integral,1,Guarapuava,Paraná,11951.0,0.13612,1.0,4109401.0,5255615.0,346126.0,917441.0,2645427.0,710815.0,3A,Centro Sub-Regional A,3.76402660769203,2.86093662070009,0.903089986991944,117922.556803755,168325.613333333,175502.333333333,172751.059711447,79195.7066666667,237242.191233837,152793.2,74321.8666666667,0.0,22471.55,91792.7341293045,2.01847682633336,Alto
3083,1705508,BR170550,Colinas do Tocantins,843.846,BR17,TO,BR17002,Araguaína,BR1701,Ocidental do Tocantins,0,33981,IBGE (2015),Tocantins,Integral,1,Colinas do Tocantins,Tocantins,11967.0,0.1363,0.0,1705508.0,636783.0,32587.0,71886.0,266045.0,200372.0,4A,Centro de Zona A,2.53019969820308,2.05307844348342,0.477121254719662,37222.3173186964,22762.1378339878,19381.1333333333,12829.8533333333,0.0,78851.5,16560.9166666667,44686.9433333333,0.0,0.0,164154.691540742,1.97199199771363,Alto
2683,5205109,BR520510,Catalão,3821.463,BR52,GO,BR52017,Catalão,BR5205,Sul Goiano,0,98737,IBGE (2015), ,,0,Catalão,Goiás,12191.0,0.13885,0.0,5205109.0,6644434.0,409147.0,2194987.0,2248702.0,494467.0,3B,Centro Sub-Regional B,3.53554727917666,2.75739602879302,0.778151250383644,29973.7774890613,41385.4727754275,31478.670776539,35232.9698220933,6416.51666666667,96457.5563796283,14407.1634653373,42886.8800134508,0.0,0.0,21112.9754820136,3.22426754840514,Alto
607,5102504,BR510250,Cáceres,24577.149,BR51,MT,BR51018,Alto Pantanal,BR5104,Centro-Sul Mato-Grossense,0,90518,IBGE (2015), ,,0,Cáceres,Mato Grosso,12268.0,0.13973,0.0,5102504.0,1718668.0,155396.0,101865.0,823143.0,470899.0,3B,Centro Sub-Regional B,3.35793484700045,2.45484486000851,0.903089986991944,56839.8565604838,64529.5333333333,52513.4,105691.483333333,66926.3,72509.9,77888.3833333334,55037.2333333333,0.0,1289.75,38641.4606941999,2.38597388210733,Alto
3676,2304202,BR230420,Crato,1176.467,BR23,CE,BR23032,Cariri,BR2307,Sul Cearense,0,128680,IBGE (2015), ,,0,Crato,Ceará,12353.0,0.14069,0.0,,,,,,,,,,,,,,,,,,,,,,,,
897,3113404,BR311340,Caratinga,1258.66,BR31,MG,BR31040,Caratinga,BR3108,Vale do Rio Doce,0,90782,IBGE (2015), ,,0,Caratinga,Minas Gerais,12550.0,0.14294,0.0,3113404.0,1525982.0,64071.0,144502.0,836600.0,325646.0,3B,Centro Sub-Regional B,3.40140054078154,2.6232492903979,0.778151250383644,82784.5837841744,92163.9,97063.9566666667,94468.0050447609,45154.5833333334,141226.493638523,95777.3035989061,114730.358910461,0.0,83462.3766666667,59540.8424531865,2.065506048982,Alto
1257,3143906,BR314390,Muriaé,841.693,BR31,MG,BR31063,Muriaé,BR3112,Zona da Mata,0,107263,IBGE (2015), ,,0,Muriaé,Minas Gerais,12602.0,0.14353,1.0,3143906.0,2038885.0,36038.0,226213.0,1177965.0,424521.0,3A,Centro Sub-Regional A,3.46314613672635,2.61804809671209,0.845098040014257,166721.745254952,193185.544465524,139256.036666667,302846.248581526,615804.807158871,102805.257957027,106355.755068952,109491.267162778,0.0,22381.7333333333,52886.3054989102,4.6617890540453,Alto
3404,2200202,BR220020,Água Branca,97.041,BR22,PI,BR22005,Médio Parnaíba Piauiense,BR2202,Centro-Norte Piauiense,0,17010,IBGE (2015), ,,0,Água Branca,Piauí,12756.0,0.14528,0.0,2200202.0,174731.0,2594.0,15332.0,77682.0,66685.0,4A,Centro de Zona A,2.30102999566398,2.0,0.301029995663981,25504.5464843714,55464.5779808959,45777.871051271,23399.92,866.966666666667,22947.8252265291,27288.4184286542,26838.7543771531,0.0,0.0,35194.0411499643,1.15280419620727,Alto
44,4204301,BR420430,Concórdia,799.449,BR42,SC,BR42005,Concórdia,BR4201,Oeste Catarinense,0,72642,IBGE (2015), ,,0,Concórdia,Santa Catarina,12898.0,0.1469,1.0,4204301.0,2921663.0,194679.0,716290.0,1330977.0,315321.0,3B,Centro Sub-Regional B,3.67098760301003,2.76789761601809,0.903089986991944,37291.5899433855,64758.702854072,74947.6130803457,56320.554532695,25090.8833333333,42488.5277280863,47571.9844238041,30814.4736188634,0.0,2032.20300449625,15052.7859213716,2.48292985723153,Alto
703,2914802,BR291480,Itabuna,401.028,BR29,BA,BR29031,Ilhéus-Itabuna,BR2907,Sul Baiano,0,219680,IBGE (2015), ,,0,Itabuna,Bahia,13257.0,0.15099,0.0,2914802.0,3859881.0,30087.0,651005.0,2123165.0,657938.0,2B,Capital Regional B,3.93951925261861,2.86033800657099,1.07918124604762,403963.677754187,549568.373228769,543457.076666667,751156.885865058,765371.726666667,693373.813333333,265212.276014248,156063.555414166,0.0,2796.78333333333,171120.849528924,2.88145153708752,Alto
4689,2914604,BR291460,Irecê,319.028,BR29,BA,BR29009,Irecê,BR2903,Centro Norte Baiano,0,73380,IBGE (2015), ,,0,Irecê,Bahia,13483.0,0.15356,0.0,2914604.0,1016283.0,25885.0,85569.0,587332.0,204659.0,3A,Centro Sub-Regional A,3.40823996531185,2.50514997831991,0.903089986991944,240237.223862608,408994.756666667,411440.03,384449.686666667,164474.393333333,134320.316666667,326415.423333333,237723.803333333,0.0,31248.5,160477.9996242,2.45903904069848,Alto
2425,4204608,BR420460,Criciúma,235.701,BR42,SC,BR42019,Criciúma,BR4206,Sul Catarinense,0,206918,IBGE (2015), ,,0,Criciúma,Santa Catarina,13487.0,0.15361,1.0,4204608.0,12930445.0,358737.0,3726845.0,5593759.0,1627848.0,2B,Capital Regional B,4.39262661647404,3.31344537042641,1.07918124604762,208835.808477042,201611.964032262,302959.529485193,347504.143857036,181266.154922134,287866.679322439,273764.608012021,269843.409109114,8571.26666666667,45412.0643319815,155893.07807777,2.33134046896209,Alto
4725,2919553,BR291955,Luís Eduardo Magalhães,4245.046,BR29,BA,BR29001,Barreiras,BR2901,Extremo Oeste Baiano,0,79162,IBGE (2015), ,,0,Luís Eduardo Magalhães,Bahia,13494.0,0.15369,0.0,2919553.0,3999684.0,345104.0,835227.0,1911468.0,272549.0,3B,Centro Sub-Regional B,3.14050804303818,2.8394780473742,0.301029995663981,17631.5202224081,11616.5666666667,19319.0166666667,8571.02,4140.38333333333,10704.65,24523.1,38341.68,0.0,0.0,46224.8567535901,1.43947706865834,Alto
896,3113305,BR311330,Carangola,353.404,BR31,MG,BR31063,Muriaé,BR3112,Zona da Mata,0,33463,IBGE (2015), ,,0,Carangola,Minas Gerais,13718.0,0.15624,0.0,3113305.0,506531.0,24640.0,50264.0,278025.0,119664.0,4A,Centro de Zona A,2.64443858946784,2.16731733474818,0.477121254719662,34774.3475856035,29802.2166666667,23726.7666666667,96767.4833333333,47673.45,47779.1866666667,29381.29,20471.3333333333,0.0,7906.50666666666,40981.8343806173,6.36595125500182,Alto
243,4307005,BR430700,Erechim,430.668,BR43,RS,BR43004,Erechim,BR4301,Noroeste Rio-Grandense,0,102345,IBGE (2015),Interior Sul,Integral,1,Erechim,Rio Grande do Sul,13763.0,0.15675,0.0,4307005.0,4430327.0,72249.0,1324602.0,2031886.0,437002.0,3A,Centro Sub-Regional A,3.80617997398388,2.90308998699194,0.903089986991944,77955.312436919,91125.6348162144,85627.4224183036,182928.047755568,108693.163333333,112157.621992638,64342.6025436432,69214.2298421174,0.0,34684.213796987,21845.3304629768,2.74131678390238,Alto
2293,3549904,BR354990,São José dos Campos,1099.409,BR35,SP,BR35050,São José dos Campos,BR3513,Vale do Paraíba Paulista,0,688597,IBGE (2015), ,,0,São José dos Campos,São Paulo,13769.0,0.15682,0.0,3549904.0,73015967.0,148408.0,24869763.0,31194286.0,5713760.0,2B,Capital Regional B,4.77919230836974,3.6330642726915,1.14612803567824,380144.941739462,479901.924866298,561190.322939182,576511.31035768,585033.474057417,470596.552316512,401760.776513601,340432.295546978,62531.6333333333,56582.6729547868,261795.143397719,1.79618027802838,Alto
4213,2601201,BR260120,Arcoverde,323.37,BR26,PE,BR26004,Sertão do Moxotó,BR2601,Sertão Pernambucano,0,72625,IBGE (2015),Pernambuco,Integral,1,Arcoverde,Pernambuco,13962.0,0.15902,1.0,2601201.0,950624.0,10417.0,66862.0,517443.0,250342.0,3A,Centro Sub-Regional A,3.25333800532611,2.40823996531185,0.845098040014257,154323.958349625,185006.4,262739.316666667,308292.73,43249.5766666667,197925.806666667,137894.779583752,224911.143333333,0.0,36807.0333333333,130388.374959381,1.9500568766589,Alto
998,3122306,BR312230,Divinópolis,708.115,BR31,MG,BR31043,Divinópolis,BR3109,Oeste de Minas,0,230848,IBGE (2015),Minas Gerais e Espírito Santo,Integral,1,Divinópolis,Minas Gerais,14124.0,0.16086,1.0,3122306.0,5635253.0,61334.0,1042554.0,2976136.0,878633.0,2C,Capital Regional C,4.05146124432419,2.93751789201735,1.11394335230684,282815.340198951,718171.763669515,320977.746564926,418397.83919235,356537.671478455,261675.887599707,353098.877066202,162814.894631339,41833.7766666666,10373.5333333333,174648.453884652,2.48329286328752,Alto
2986,1504208,BR150420,Marabá,15128.058,BR15,PA,BR15020,Marabá,BR1506,Sudeste Paraense,0,262085,IBGE (2015),Guamá-Tocantins,Integral,1,Marabá,Pará,14180.0,0.1615,0.0,1504208.0,7479675.0,309588.0,2697333.0,2604871.0,1042600.0,2C,Capital Regional C,4.10516942799933,2.99122607569249,1.11394335230684,455166.019918218,410531.498981797,503707.314806396,360949.776666667,121434.803333333,361283.478604028,455305.414018517,234667.399278351,1229861.14,420917.183333333,381737.377282509,1.00695782409865,Alto
692,2910727,BR291072,Eunápolis,1425.968,BR29,BA,BR29032,Porto Seguro,BR2907,Sul Baiano,0,113191,IBGE (2015), ,,0,Eunápolis,Bahia,14229.0,0.16206,0.0,2910727.0,2535370.0,118521.0,671572.0,1080141.0,372983.0,2C,Capital Regional C,3.63276088847943,2.67851837904011,0.954242509439325,131577.270218811,243931.833333333,255524.983333333,217739.883333333,68264.5933333333,127308.796666667,82839.8466666666,136190.093333333,0.0,625.8,169769.899073029,2.28814615644865,Alto
3832,2402006,BR240200,Caicó,1228.583,BR24,RN,BR24011,Seridó Ocidental,BR2402,Central Potiguar,0,67259,IBGE (2015), ,,0,Caicó,Rio Grande do Norte,14267.0,0.16249,0.0,2402006.0,1061765.0,25147.0,68500.0,550352.0,291578.0,3B,Centro Sub-Regional B,3.36847283844036,2.46538285144842,0.903089986991944,64864.4870882352,86274.26,72023.3966666667,80948.13,35663.9833333333,86975.8,94998.235681793,63409.8166666667,0.0,0.0,79778.058294194,2.72374692838322,Alto
2513,4214805,BR421480,Rio do Sul,260.97,BR42,SC,BR42011,Rio do Sul,BR4204,Vale do Itajaí,0,67237,IBGE (2015), ,,0,Rio do Sul,Santa Catarina,14381.0,0.16379,0.0,4214805.0,2674951.0,94158.0,592558.0,1325963.0,365170.0,3A,Centro Sub-Regional A,3.7419390777292,2.83884909073726,0.903089986991944,104862.328346363,207138.702863514,129428.5070899,123430.957997486,62003.7666666667,132513.706666667,95958.6364807253,80015.1383764159,0.0,52601.3333333333,156625.437094339,2.95103343360747,Alto
3208,2101400,BR210140,Balsas,13141.733,BR21,MA,BR21020,Gerais de Balsas,BR2105,Sul Maranhense,0,92144,IBGE (2015), ,,0,Balsas,Maranhão,14474.0,0.16485,0.0,2101400.0,2393125.0,391792.0,162119.0,1281168.0,283599.0,3B,Centro Sub-Regional B,3.53857373380685,2.63548374681491,0.903089986991944,61301.6666769301,87810.8248891768,91625.4340466009,84747.9875878928,17413.954988891,58241.2902352261,77788.1000279329,68499.894463979,0.0,24295.8,68128.6526570838,1.67331016988894,Alto
3724,2307304,BR230730,Juazeiro do Norte,248.832,BR23,CE,BR23032,Cariri,BR2307,Sul Cearense,0,266022,IBGE (2015), ,,0,Juazeiro do Norte,Ceará,14477.0,0.16489,1.0,2307304.0,6550276.0,169698.0,773979.0,3600165.0,1355171.0,2B,Capital Regional B,4.19882197760321,3.05269394192497,1.14612803567824,767195.255310553,867695.959316836,811303.47,732735.148321667,894575.218787067,814675.004394438,736394.478132744,325269.378370736,1860200.13,9761.73333333333,340096.582818481,2.71224913853185,Alto
2961,1502202,BR150220,Capanema,614.693,BR15,PA,BR15010,Bragantina,BR1504,Nordeste Paraense,0,66353,IBGE (2015), ,,0,Capanema,Pará,14512.0,0.16528,0.0,1502202.0,984039.0,44354.0,148830.0,458612.0,203127.0,3B,Centro Sub-Regional B,3.0962145853464,2.31806333496276,0.778151250383644,107116.233458915,190323.41,199357.793333333,222539.95,26642.3,138831.253333333,105404.376666667,47976.7066666667,0.0,675.6,127498.869980297,3.67261280167891,Alto
4624,2906873,BR290687,Capim Grosso,334.418,BR29,BA,BR29010,Jacobina,BR2903,Centro Norte Baiano,0,29346,IBGE (2015), ,,0,Capim Grosso,Bahia,14590.0,0.16617,0.0,2906873.0,353837.0,14995.0,24088.0,188354.0,91982.0,4A,Centro de Zona A,2.44715803134222,2.14612803567824,0.301029995663981,32892.0581237341,33316.6,74501.0833333334,23643.6833333333,1041.7,25879.7166666667,28269.0366666667,35011.4333333333,0.0,4486.44333333334,93284.9075734323,1.87185970904075,Alto
2388,4201406,BR420140,Araranguá,303.299,BR42,SC,BR42020,Araranguá,BR4206,Sul Catarinense,0,65769,IBGE (2015),Litoral Sul,Integral,1,Araranguá,Santa Catarina,14678.0,0.16717,0.0,4201406.0,1795020.0,142176.0,275534.0,927747.0,313078.0,3A,Centro Sub-Regional A,3.56631962152481,2.78816837114117,0.778151250383644,79622.9371340837,260769.627272856,92776.7619597636,94901.5522113698,16849.1651201208,83806.9017811226,51128.7800927092,36762.7568009658,0.0,4621.7989906705,154399.619703854,1.42078228029484,Alto
2704,5208004,BR520800,Formosa,5811.788,BR52,GO,BR52012,Entorno de Brasília,BR5204,Leste Goiano,0,112236,IBGE (2015), ,,0,Formosa,Goiás,14804.0,0.16861,0.0,5208004.0,2104728.0,127969.0,258127.0,1093289.0,392122.0,3B,Centro Sub-Regional B,3.32797162362301,2.48287358360875,0.845098040014257,30280.9491580074,40058.0356851163,52051.8565084393,49360.6719448638,6324.06666666666,48351.83,35278.1333333333,11604.5566666667,0.0,7563.86666666666,46098.0983948458,1.22169598179171,Alto
4911,4203600,BR420360,Campos Novos,1719.373,BR42,SC,BR42009,Curitibanos,BR4203,Serrana,0,35054,IBGE (2015), ,,0,Campos Novos,Santa Catarina,14924.0,0.16998,0.0,4203600.0,1952664.0,323005.0,622618.0,637450.0,173706.0,4A,Centro de Zona A,2.77524625974024,2.47421626407626,0.301029995663981,18378.1678336945,14334.1507686801,14136.8610340628,24228.9105757455,163.25,38200.3843551074,7286.893871946,14560.2134966281,0.0,7132.39596484878,63738.6182699263,2.81102143055942,Alto
5090,4104303,BR410430,Campo Mourão,757.875,BR41,PR,BR41005,Campo Mourão,BR4102,Centro Ocidental Paranaense,0,92930,IBGE (2015), ,,0,Campo Mourão,Paraná,15061.0,0.17154,1.0,4104303.0,3367842.0,175761.0,661061.0,1764574.0,406396.0,3A,Centro Sub-Regional A,3.74130920889957,2.83821922190763,0.903089986991944,94062.9830770332,96115.17,103783.3,140740.25,60870.6666666666,135563.45,96440.3,148280.157332181,0.0,87318.5,68745.2738085222,2.37761643951938,Alto
3326,2108454,BR210845,Peritoró,824.725,BR21,MA,BR21015,Codó,BR2104,Leste Maranhense,0,22602,IBGE (2015), ,,0,Peritoró,Maranhão,15063.0,0.17156,0.0,2108454.0,171787.0,10524.0,8212.0,74323.0,66536.0,5,Centro Local,,1.65321251377534,,41720.1840639817,0.0,0.0,33519.5553447397,41300.9933333333,0.0,9899.02715680247,0.0,0.0,0.0,319002.806944369,2.25841476655809,Alto
1108,3131307,BR313130,Ipatinga,164.884,BR31,MG,BR31039,Ipatinga,BR3108,Vale do Rio Doce,0,257345,IBGE (2015), ,,0,Ipatinga,Minas Gerais,15071.0,0.17165,1.0,3131307.0,14951723.0,56757.0,5270115.0,5991438.0,2104440.0,2C,Capital Regional C,4.14245204006635,3.10105935490812,1.04139268515823,192725.384637094,174634.633512932,254813.637221708,172447.857668708,167843.292102995,181394.192966321,235610.758886496,196138.119771785,262020.403333333,26168.4317556908,241839.162964713,1.39909624489034,Alto
1119,3132404,BR313240,Itajubá,294.835,BR31,MG,BR31056,Itajubá,BR3110,Sul/Sudoeste de Minas,0,96020,IBGE (2015), ,,0,Itajubá,Minas Gerais,15148.0,0.17253,0.0,3132404.0,2861547.0,43725.0,747832.0,1266148.0,431267.0,3B,Centro Sub-Regional B,3.35679046035171,2.57863920996807,0.778151250383644,66800.8827153344,55329.3466666667,65791.68,82955.3960378856,37546.1333333333,155918.97764672,60303.952764171,91327.2397542342,0.0,7913.91666666667,110873.858357741,1.98915780936526,Alto
4996,2918001,BR291800,Jequié,2969.034,BR29,BA,BR29024,Jequié,BR2906,Centro Sul Baiano,0,161528,IBGE (2015), ,,0,Jequié,Bahia,15244.0,0.17362,0.0,2918001.0,2438384.0,52382.0,440700.0,1161816.0,526646.0,3A,Centro Sub-Regional A,3.58703711774345,2.68394713075151,0.903089986991944,112235.302475962,152901.440579204,149095.920481733,188843.63185822,92512.1533333334,181582.06,89602.8366666667,111770.85470255,0.0,23545.4833333333,87574.1988641684,3.66495507060334,Alto
5100,4105508,BR410550,Cianorte,811.666,BR41,PR,BR41003,Cianorte,BR4101,Noroeste Paranaense,0,77515,IBGE (2015), ,,0,Cianorte,Paraná,15357.0,0.17491,1.0,4105508.0,2490045.0,172251.0,646227.0,1096469.0,337372.0,3A,Centro Sub-Regional A,3.66407759018507,2.88592633980143,0.778151250383644,92162.1442234256,528157.835431494,77642.6166666667,67477.3826499906,21776.6946625646,35727.76,50092.9066666667,51477.6207716423,0.0,52267.25,35360.7124222682,1.86748246163675,Alto
648,5107602,BR510760,Rondonópolis,4159.118,BR51,MT,BR51021,Rondonópolis,BR5105,Sudeste Mato-Grossense,0,215320,IBGE (2015),Cuiabá,Integral,1,Rondonópolis,Mato Grosso,15766.0,0.17957,0.0,5107602.0,9418111.0,288745.0,2628776.0,4309535.0,1174175.0,2C,Capital Regional C,4.06584103431971,3.11159852488039,0.954242509439325,110306.047960151,132291.111797274,127578.531372962,163420.869862623,79614.5116226247,142919.179153051,121514.367346896,63832.8196336509,33469.4166666666,41621.9541469655,172393.745406731,2.00124968867022,Alto
2395,4202008,BR420200,Balneário Camboriú,46.244,BR42,SC,BR42013,Itajaí,BR4204,Vale do Itajaí,0,128155,IBGE (2015),Litoral Sul,Integral,1,Balneário Camboriú,Santa Catarina,15964.0,0.18182,1.0,,,,,,,,,,,,,,,,,,,,,,,,
4569,2900702,BR290070,Alagoinhas,718.088,BR29,BA,BR29017,Alagoinhas,BR2904,Nordeste Baiano,0,154495,IBGE (2015), ,,0,Alagoinhas,Bahia,16018.0,0.18244,1.0,2900702.0,3177575.0,73997.0,614852.0,1399739.0,483018.0,3A,Centro Sub-Regional A,3.52009032811284,2.6170003411209,0.903089986991944,139007.951037905,174529.126666667,198848.17,232414.07,117873.466666667,214186.9,126694.11,138888.466666667,0.0,19653.6666666667,122795.373017943,1.68399278667657,Alto
5432,4101408,BR410140,Apucarana,558.389,BR41,PR,BR41010,Apucarana,BR4103,Norte Central Paranaense,0,130430,IBGE (2015),Interior Sul,Integral,1,Apucarana,Paraná,16239.0,0.18495,1.0,4101408.0,2965782.0,111920.0,616639.0,1426996.0,516489.0,3A,Centro Sub-Regional A,3.73878055848437,2.83569057149243,0.903089986991944,75990.0158172613,62879.3249272016,80833.5947105514,116645.504668694,48203.1566666667,92754.6247063776,36326.1333333333,67186.3861904761,0.0,166086.304947254,87622.801891992,1.70497883732408,Alto
1358,3152105,BR315210,Ponte Nova,470.643,BR31,MG,BR31060,Ponte Nova,BR3112,Zona da Mata,0,60005,IBGE (2015), ,,0,Ponte Nova,Minas Gerais,16369.0,0.18643,0.0,3152105.0,1533996.0,39799.0,225017.0,807320.0,261871.0,3B,Centro Sub-Regional B,3.29666519026153,2.34242268082221,0.954242509439325,74750.6275977005,88421.9807290003,77171.6623609359,161274.523843088,89993.7278992573,66025.90193047,40631.6333333333,82246.8862178042,0.0,37085.59,102596.988849515,3.36176305795929,Alto
309,4311403,BR431140,Lajeado,91.16,BR43,RS,BR43021,Lajeado-Estrela,BR4304,Centro Oriental Rio-Grandense,0,78486,IBGE (2015),Litoral Sul,Integral,1,Lajeado,Rio Grande do Sul,16475.0,0.18764,0.0,4311403.0,6679871.0,273705.0,1733323.0,3009696.0,748741.0,2C,Capital Regional C,4.11411035653189,3.15986784709257,0.954242509439325,115452.668780253,141650.061225434,126981.064126955,150630.055948778,119978.178079619,213074.008721309,143525.177468964,74101.6621677955,0.0,48595.2319041721,135987.279270614,2.50336443055587,Alto
4325,2611101,BR261110,Petrolina,4561.872,BR26,PE,BR26005,Petrolina,BR2602,São Francisco Pernambucano,0,331951,IBGE (2015), ,,0,Petrolina,Pernambuco,16514.0,0.18809,1.0,2611101.0,9230538.0,944643.0,1078013.0,4370802.0,1873431.0,2C,Capital Regional C,4.13969022165293,3.0982975364947,1.04139268515823,545475.294618891,487697.047209446,594169.08,621562.019022605,586013.248585408,576747.255554972,579920.736969156,534328.566416445,956643.163333333,102953.816666667,294701.984313334,2.00698330018174,Alto
263,4308508,BR430850,Frederico Westphalen,264.976,BR43,RS,BR43003,Frederico Westphalen,BR4301,Noroeste Rio-Grandense,0,30558,IBGE (2015),Interior Sul,Integral,1,Frederico Westphalen,Rio Grande do Sul,16811.0,0.19147,0.0,4308508.0,989447.0,68518.0,165557.0,527556.0,131275.0,3B,Centro Sub-Regional B,3.11226976841727,2.41329976408125,0.698970004336019,49382.0767586604,56513.2849593217,64461.0489006686,36749.3633333333,10970.1366666667,103457.98767373,89308.8191967723,54210.776826072,0.0,44852.9333333333,33185.7518818911,3.24550128534704,Alto
5299,4128104,BR412810,Umuarama,1232.767,BR41,PR,BR41002,Umuarama,BR4101,Noroeste Paranaense,0,108218,IBGE (2015), ,,0,Umuarama,Paraná,16840.0,0.1918,1.0,4128104.0,3258828.0,156405.0,489221.0,1839654.0,458608.0,3A,Centro Sub-Regional A,3.74942709912175,2.84633711212981,0.903089986991944,147886.45508396,161118.796666667,186458.46,204618.803333333,183065.117967935,213189.858899716,180405.49,110144.041833147,0.0,179149.463333333,59785.9447313946,5.88943341071275,Alto
4924,4302105,BR430210,Bento Gonçalves,274.069,BR43,RS,BR43016,Caxias do Sul,BR4302,Nordeste Rio-Grandense,0,113287,IBGE (2015),Litoral Sul,Integral,1,Bento Gonçalves,Rio Grande do Sul,16980.0,0.19339,0.0,4302105.0,9330752.0,173244.0,3181513.0,3587523.0,811809.0,3A,Centro Sub-Regional A,3.89198323085197,3.04688519083771,0.845098040014257,38697.653449946,43547.1379043988,87412.1371025385,39188.507936834,36575.6907775412,43780.9166666667,42207.4010595151,30767.744432288,0.0,8584.36927338923,54605.257124066,2.10547855212002,Alto
2877,1506807,BR150680,Santarém,17898.389,BR15,PA,BR15002,Santarém,BR1501,Baixo Amazonas,0,292520,IBGE (2015),Guamá-Tocantins,Integral,1,Santarém,Pará,17459.0,0.19885,0.0,1506807.0,4573180.0,610775.0,396929.0,2183669.0,978634.0,2C,Capital Regional C,3.91397271155097,2.80002935924413,1.11394335230684,450821.460009594,501155.848269685,396166.341856766,485231.955411784,421687.116666667,510970.133414746,434699.243351697,379869.932116717,616147.133333333,436334.74,263929.020739847,1.6685003650877,Alto
2083,3529005,BR352900,Marília,1170.515,BR35,SP,BR35038,Marília,BR3509,Marília,0,232006,IBGE (2015), ,,0,Marília,São Paulo,17653.0,0.20106,0.0,3529005.0,7574188.0,91453.0,1229767.0,4548143.0,955986.0,2C,Capital Regional C,4.12466721769861,3.01072386539177,1.11394335230684,253041.613129084,274482.783936268,303761.204002301,375626.429159073,295888.221617619,360379.135963609,286234.053020426,233050.569014538,214911.816666667,50292.0414045646,128886.939838978,3.72129942903399,Alto
2963,1502400,BR150240,Castanhal,1028.889,BR15,PA,BR15008,Castanhal,BR1503,Metropolitana de Belém,0,189784,IBGE (2015), ,,0,Castanhal,Pará,17705.0,0.20165,0.0,1502400.0,3602939.0,161480.0,538884.0,1726020.0,663424.0,2C,Capital Regional C,3.59769518592551,2.69460519893357,0.903089986991944,265935.937041399,420452.71,443902.766666667,369884.01,71614.3100000001,492667.642290067,252291.023333333,223262.836666667,0.0,4189.18333333333,370220.681722657,1.97686263830474,Alto
2462,4209300,BR420930,Lages,2631.504,BR42,SC,BR42010,Campos de Lages,BR4203,Serrana,0,158732,IBGE (2015), ,,0,Lages,Santa Catarina,17845.0,0.20324,1.0,4209300.0,4747647.0,115930.0,1095311.0,2299737.0,734247.0,2C,Capital Regional C,4.00847241930273,2.9670797341445,1.04139268515823,139072.264090914,173509.931518085,173440.489306852,159718.648665437,159879.611108631,218766.243976464,226264.042729043,105244.498091954,26717.5333333333,86735.6886984106,57709.5777401868,2.54210963402496,Alto
5039,1600303,BR160030,Macapá,6502.105,BR16,AP,BR16003,Macapá,BR1602,Sul do Amapá,1,456171,IBGE (2015), ,,0,Macapá,Amapá,17961.0,0.20457,1.0,1600303.0,11089067.0,68700.0,894215.0,4794403.0,4569542.0,2C,Capital Regional C,4.33869548901478,2.89153745767256,1.44715803134222,267624.551563416,323575.355329673,338301.921174556,305659.137234317,257689.15,296690.72881465,233879.006934654,224461.430234766,335316.65,0.0,172696.784729231,1.40074750017937,Alto
3136,1716109,BR171610,Paraíso do Tocantins,1268.06,BR17,TO,BR17004,Rio Formoso,BR1701,Ocidental do Tocantins,0,49076,IBGE (2015),Tocantins,Integral,1,Paraíso do Tocantins,Tocantins,17987.0,0.20486,0.0,1716109.0,1229839.0,29590.0,271818.0,514275.0,265352.0,3B,Centro Sub-Regional B,3.03181227133037,2.42975228000241,0.602059991327962,49295.9370212433,84321.5833333333,75235.19,52285.4333333333,24523.6333333333,38823.78,86751.2000000001,42384.85,0.0,47781.3833333333,35657.5801482048,2.76668906367337,Alto
1837,3506003,BR350600,Bauru,667.684,BR35,SP,BR35020,Bauru,BR3504,Bauru,0,366992,IBGE (2015),Interior Sul,Integral,1,Bauru,São Paulo,18334.0,0.20881,1.0,3506003.0,13334180.0,52570.0,2423360.0,8314349.0,1372738.0,2B,Capital Regional B,4.39338214059386,3.27943878828702,1.11394335230684,536732.567308521,626587.535627163,757800.381296691,639131.553407521,460141.403428652,696797.661955377,628543.624789343,591273.558441779,558267.032503693,186837.643333333,185828.694174767,3.06105344594159,Alto
3792,2312908,BR231290,Sobral,2122.897,BR23,CE,BR23005,Sobral,BR2301,Noroeste Cearense,0,201756,IBGE (2015), ,,0,Sobral,Ceará,18388.0,0.20943,1.0,2312908.0,4305354.0,43600.0,989167.0,1938102.0,775502.0,2C,Capital Regional C,3.88626505902976,2.77232170672292,1.11394335230684,491120.606737117,538407.866666667,573177.733333334,807355.353333333,751656.393333333,1139251.7947276,471265.606666667,255958.233333333,0.0,22051.45,228981.419437726,3.36202900183265,Alto
3912,2409407,BR240940,Pau dos Ferros,259.959,BR24,RN,BR24006,Pau dos Ferros,BR2401,Oeste Potiguar,0,29954,IBGE (2015), ,,0,Pau dos Ferros,Rio Grande do Norte,18538.0,0.21114,0.0,2409407.0,431562.0,5148.0,25195.0,225853.0,128580.0,3B,Centro Sub-Regional B,2.94546858513182,2.10037054511756,0.845098040014257,83956.8965159088,127536.026666667,109883.05,143802.583333333,16449.2633333333,134824.893333333,82295.6833333334,81023.1666666667,0.0,0.0,83318.2415883253,5.10220985322864,Alto
767,3101607,BR310160,Alfenas,850.446,BR31,MG,BR31049,Alfenas,BR3110,Sul/Sudoeste de Minas,0,78712,IBGE (2015),Minas Gerais e Espírito Santo,Integral,1,Alfenas,Minas Gerais,19319.0,0.22003,1.0,3101607.0,2294655.0,171051.0,387645.0,1176081.0,298291.0,3A,Centro Sub-Regional A,3.3356584522893,2.55750720190566,0.778151250383644,147567.000424038,114807.45,115605.099387141,241404.58186047,169654.371614263,463052.75434848,227046.302180223,58430.0833333333,0.0,11846.8833333333,73502.5592942467,5.25911853147293,Alto
2402,4202404,BR420240,Blumenau,518.497,BR42,SC,BR42012,Blumenau,BR4204,Vale do Itajaí,0,338876,IBGE (2015), ,,0,Blumenau,Santa Catarina,19615.0,0.2234,0.0,4202404.0,20780114.0,162125.0,5841951.0,9618296.0,2115030.0,2B,Capital Regional B,4.65193671120185,3.57275546515422,1.07918124604762,327934.292151121,391280.547093638,372587.056570035,416161.706228049,433123.71196507,508673.631458738,416034.637857747,138001.503893284,0.0,197938.79189458,404183.093381981,1.78183286169119,Alto
223,4306106,BR430610,Cruz Alta,1360.289,BR43,RS,BR43011,Cruz Alta,BR4301,Noroeste Rio-Grandense,0,63776,IBGE (2015), ,,0,Cruz Alta,Rio Grande do Sul,19757.0,0.22502,0.0,4306106.0,3311973.0,368884.0,243281.0,1985558.0,270726.0,3A,Centro Sub-Regional A,3.4835872969689,2.63848925695464,0.845098040014257,40664.2995239392,37771.7,33170.4,58449.5898965003,38847.4331536228,97625.14796939,23014.95,17401.4333333333,0.0,10592.9666666667,88844.8366126229,3.83899296459229,Alto
4266,2606002,BR260600,Garanhuns,458.552,BR26,PE,BR26011,Garanhuns,BR2603,Agreste Pernambucano,0,136949,IBGE (2015), ,,0,Garanhuns,Pernambuco,19942.0,0.22713,1.0,2606002.0,2094788.0,51238.0,225422.0,1038469.0,490902.0,2C,Capital Regional C,3.67888241467073,2.63748972951251,1.04139268515823,264704.354208352,374552.513677046,441696.52,411333.183333333,46554.9166666667,332595.02,491068.812500465,214100.894489037,0.0,0.0,207224.024344726,2.36719598799853,Alto
362,4314100,BR431410,Passo Fundo,783.421,BR43,RS,BR43010,Passo Fundo,BR4301,Noroeste Rio-Grandense,0,196739,IBGE (2015),Interior Sul,Integral,1,Passo Fundo,Rio Grande do Sul,20251.0,0.23065,1.0,4314100.0,8398423.0,162805.0,1066924.0,5252648.0,828606.0,2B,Capital Regional B,4.46049191085531,3.34654855854847,1.11394335230684,425761.668653713,464838.041547701,468365.571411417,751879.130366235,1007712.2971536,581764.202345717,390069.748614395,121040.809674136,330019.076852857,21827.3566666666,114412.700885885,5.52122002111346,Alto
1555,3168606,BR316860,Teófilo Otoni,3242.27,BR31,MG,BR31015,Teófilo Otoni,BR3104,Vale do Mucuri,0,141046,IBGE (2015),Minas Gerais e Espírito Santo,Integral,1,Teófilo Otoni,Minas Gerais,20689.0,0.23564,1.0,3168606.0,2346410.0,69252.0,256136.0,1293782.0,520565.0,2C,Capital Regional C,3.79344113297766,2.75204844781944,1.04139268515823,235230.79896472,340921.583333333,357247.733333333,374073.878343767,253638.603333333,382321.923333333,167511.842925129,182678.978671796,0.0,91391.9333333333,163734.418251413,2.26049131814454,Alto
5130,4108403,BR410840,Francisco Beltrão,735.111,BR41,PR,BR41026,Francisco Beltrão,BR4107,Sudoeste Paranaense,0,86499,IBGE (2015), ,,0,Francisco Beltrão,Paraná,21941.0,0.2499,1.0,4108403.0,2840454.0,173415.0,575565.0,1432941.0,369689.0,3A,Centro Sub-Regional A,3.67320528177904,2.7701152947871,0.903089986991944,150585.600918624,183475.457219972,176624.587658267,192692.897525938,95200.4933333333,191408.908969017,210889.617864014,194118.577559221,0.0,178676.718208804,78161.0894382469,3.21318182828934,Alto
285,4310207,BR431020,Ijuí,689.387,BR43,RS,BR43008,Ijuí,BR4301,Noroeste Rio-Grandense,0,82833,IBGE (2015), ,,0,Ijuí,Rio Grande do Sul,22066.0,0.25132,0.0,4310207.0,3048217.0,214210.0,449531.0,1650768.0,433790.0,3A,Centro Sub-Regional A,3.76581751530991,2.81157500587059,0.954242509439325,148483.585582477,129678.170933919,179133.182504627,265486.839413801,324909.145089855,194885.566976568,130180.049298617,118977.011077322,0.0,5404.31666666667,105674.228558347,3.88347179974271,Alto
1816,3504008,BR350400,Assis,460.609,BR35,SP,BR35039,Assis,BR3510,Assis,0,101597,IBGE (2015), ,,0,Assis,São Paulo,22523.0,0.25652,0.0,3504008.0,2855490.0,55490.0,324863.0,1828590.0,355565.0,3A,Centro Sub-Regional A,3.62818450807341,2.72509452108147,0.903089986991944,90551.9488434298,110485.555952483,113163.116762008,235321.620287059,58421.038765874,116244.700401019,82925.5135790991,79727.5434658259,0.0,35678.6666666667,72974.7492209292,2.74921382131075,Alto
1801,3502804,BR350280,Araçatuba,1167.129,BR35,SP,BR35017,Araçatuba,BR3503,Araçatuba,0,192757,IBGE (2015), ,,0,Araçatuba,São Paulo,22608.0,0.25749,0.0,3502804.0,6938553.0,97393.0,1406150.0,4203708.0,653261.0,2C,Capital Regional C,4.13055889986402,3.01661554755718,1.11394335230684,324771.024830931,340375.240403016,322874.193786226,367239.430719715,195920.038007079,450163.467178079,422875.803862075,265749.402175952,297836.416666667,400111.860486211,175651.327246509,1.87365347110898,Alto
3845,2403251,BR240325,Parnamirim,123.471,BR24,RN,BR24018,Natal,BR2404,Leste Potiguar,0,242384,IBGE (2015),Potiguara,Integral,1,Parnamirim,Rio Grande do Norte,22639.0,0.25785,0.0,,,,,,,,,,,,,,,,,,,,,,,,
5384,4119905,BR411990,Ponta Grossa,2054.732,BR41,PR,BR41021,Ponta Grossa,BR4105,Centro Oriental Paranaense,0,337865,IBGE (2015), ,,0,Ponta Grossa,Paraná,22676.0,0.25827,1.0,4119905.0,14280461.0,530058.0,4293320.0,6220486.0,1465179.0,2C,Capital Regional C,4.41410388925819,3.30016053695135,1.11394335230684,254232.252469147,303776.68,317493.35,323396.61,198035.007471474,363426.915799099,349879.816666667,246107.09607483,49877.8833333333,123094.016666667,239754.376313029,2.11300251188564,Alto
3236,2103000,BR210300,Caxias,5196.771,BR21,MA,BR21017,Caxias,BR2104,Leste Maranhense,0,161137,IBGE (2015), ,,0,Caxias,Maranhão,22772.0,0.25936,0.0,2103000.0,1664061.0,38316.0,171988.0,790027.0,506317.0,3A,Centro Sub-Regional A,3.29402509409532,2.39093510710338,0.903089986991944,147534.15718796,151669.878077713,111173.995318357,137860.764772404,108311.881228325,291484.186666667,188792.320565337,124178.179227187,0.0,16772.0,237858.146471805,1.89984411535464,Alto
2578,4305108,BR430510,Caxias do Sul,1652.308,BR43,RS,BR43016,Caxias do Sul,BR4302,Nordeste Rio-Grandense,0,474853,IBGE (2015),Litoral Sul,Integral,1,Caxias do Sul,Rio Grande do Sul,22806.0,0.25975,1.0,4305108.0,24310545.0,420857.0,6366471.0,11098447.0,2559996.0,2B,Capital Regional B,4.7130619173622,3.59911856505536,1.11394335230684,277705.450020189,667379.987975911,320063.681130031,341650.744090885,315375.757484893,220783.835207166,281816.051936273,210027.793484858,115703.666666667,159135.395758061,144930.104985667,2.33025670658199,Alto
3204,2101202,BR210120,Bacabal,1683.074,BR21,MA,BR21010,Médio Mearim,BR2103,Centro Maranhense,0,102656,IBGE (2015), ,,0,Bacabal,Maranhão,22975.0,0.26167,0.0,2101202.0,1127972.0,61274.0,77412.0,606280.0,270291.0,3A,Centro Sub-Regional A,3.35179630689702,2.44870631990508,0.903089986991944,122882.543497882,164898.730032244,161271.110154126,129513.333333333,67166.68,198806.023333333,172056.963688733,136138.435403256,0.0,0.0,157046.176296591,2.19815928053291,Alto
1250,3143302,BR314330,Montes Claros,3568.941,BR31,MG,BR31007,Montes Claros,BR3102,Norte de Minas,0,394350,IBGE (2015),Minas Gerais e Espírito Santo,Integral,1,Montes Claros,Minas Gerais,23144.0,0.2636,1.0,3143302.0,8739987.0,126829.0,1571742.0,4622804.0,1484673.0,2B,Capital Regional B,4.17877557204541,3.06483221973857,1.11394335230684,676351.365502637,677869.384636139,699505.774084943,765233.19014187,936993.218331403,938834.642861142,608766.88439209,432668.563779329,1147952.48333333,47408.277681681,240987.052318767,2.23317951403642,Alto
3484,2203909,BR220390,Floriano,3409.649,BR22,PI,BR22009,Floriano,BR2203,Sudoeste Piauiense,0,58803,IBGE (2015), ,,0,Floriano,Piauí,23577.0,0.26853,0.0,2203909.0,1251089.0,24531.0,120806.0,679949.0,270681.0,3A,Centro Sub-Regional A,3.45788189673399,2.45788189673399,1.0,107069.216078918,127991.730663501,126831.802665169,174694.074873671,97548.1465554683,185481.209243572,109917.164712847,73384.8843265994,0.0,0.0,104208.139547657,3.16979402703873,Alto
4024,2503704,BR250370,Cajazeiras,565.899,BR25,PB,BR25002,Cajazeiras,BR2501,Sertão Paraibano,0,61431,IBGE (2015), ,,0,Cajazeiras,Paraíba,24517.0,0.27924,0.0,2503704.0,1046932.0,15574.0,70466.0,560269.0,255527.0,3A,Centro Sub-Regional A,3.19033169817029,2.49136169383427,0.698970004336019,117165.232644368,123854.713333333,146936.016666667,78678.9833333334,19348.9333333333,412760.742339541,135566.76,129804.58234846,0.0,0.0,58858.8250387048,3.60981610981611,Alto
1573,3170107,BR317010,Uberaba,4523.957,BR31,MG,BR31022,Uberaba,BR3105,Triângulo Mineiro/Alto Paranaíba,0,322126,IBGE (2015), ,,0,Uberaba,Minas Gerais,25659.0,0.29224,1.0,3170107.0,13453594.0,769478.0,3763235.0,5951960.0,1281584.0,2C,Capital Regional C,4.27680634562877,3.16286299332193,1.11394335230684,200550.473502804,225682.32483789,191461.999368072,339553.0189468,269423.605657449,301793.336430273,211313.132880939,151045.919957521,100467.65,69360.6722954556,142218.971891518,2.9573708761022,Alto
2624,4318705,BR431870,São Leopoldo,102.738,BR43,RS,BR43026,Porto Alegre,BR4305,Metropolitana de Porto Alegre,0,228370,IBGE (2015),Litoral Sul,Integral,1,São Leopoldo,Rio Grande do Sul,25994.0,0.29606,0.0,,,,,,,,,,,,,,,,,,,,,,,,
812,3105608,BR310560,Barbacena,759.186,BR31,MG,BR31059,Barbacena,BR3111,Campo das Vertentes,0,134924,IBGE (2015), ,,0,Barbacena,Minas Gerais,26311.0,0.29967,0.0,3105608.0,2799331.0,198064.0,316193.0,1398572.0,583474.0,3A,Centro Sub-Regional A,3.52840243795361,2.62531245096167,0.903089986991944,89313.721543013,91787.3936700345,95980.8028299407,154569.635047866,112046.44780711,102369.424947969,124742.158378983,31270.1833333333,0.0,41669.8966666667,136226.797486222,7.15140150657916,Alto
2430,4205407,BR420540,Florianópolis,675.409,BR42,SC,BR42016,Florianópolis,BR4205,Grande Florianópolis,1,469690,IBGE (2015),Litoral Sul,Integral,1,Florianópolis,Santa Catarina,27631.0,0.3147,1.0,4205407.0,36466198.0,573897.0,4573866.0,20538201.0,4630426.0,1C,Metrópole,5.31680875205302,3.71474876072506,1.60205999132796,1022287.06663504,458611.627441323,425768.531579425,723869.892207152,1529575.33550333,1077361.99607278,699220.717015644,982112.275527447,1880658.79072512,2099166.41263887,331440.785758985,2.74890887608208,Alto
751,2933307,BR293330,Vitória da Conquista,3704.018,BR29,BA,BR29028,Vitória da Conquista,BR2906,Centro Sul Baiano,0,343230,IBGE (2015), ,,0,Vitória da Conquista,Bahia,29305.0,0.33377,0.0,2933307.0,6226153.0,111386.0,897520.0,3467856.0,1022694.0,2B,Capital Regional B,4.2125870781239,3.09864372581706,1.11394335230684,732318.676343648,1017876.92666667,913123.349832044,817882.566587621,799469.153333333,860927.140509532,841965.476302132,480199.063333333,1106079.89333333,43814.9333333333,268825.963929138,2.93019755964413,Alto
3274,2105302,BR210530,Imperatriz,1368.987,BR21,MA,BR21009,Imperatriz,BR2102,Oeste Maranhense,0,253123,IBGE (2015), ,,0,Imperatriz,Maranhão,30055.0,0.34231,0.0,2105302.0,7694221.0,47241.0,1885785.0,3983473.0,839251.0,2C,Capital Regional C,4.17802678827044,3.0640834359636,1.11394335230684,591661.149176464,832198.028067342,729987.461289813,710893.652844609,424811.219302161,537539.319160449,617280.027108454,364148.649796441,1085664.36333333,124789.246666667,245317.057150952,3.25560965166453,Alto
414,4316907,BR431690,Santa Maria,1781.757,BR43,RS,BR43018,Santa Maria,BR4303,Centro Ocidental Rio-Grandense,0,276108,IBGE (2015),Interior Sul,Integral,1,Santa Maria,Rio Grande do Sul,32403.0,0.36905,1.0,4316907.0,6908004.0,213207.0,778036.0,4111905.0,1153394.0,2C,Capital Regional C,4.18287096398891,3.06892761168207,1.11394335230684,393354.577063995,509367.040039917,420048.991763912,517523.51308057,455241.533850046,873309.442686962,499979.770291624,241728.365032715,146847.403333333,121753.614782416,144728.004389563,3.36056286805332,Alto
3057,1702109,BR170210,Araguaína,4000.416,BR17,TO,BR17002,Araguaína,BR1701,Ocidental do Tocantins,0,170183,IBGE (2015),Tocantins,Integral,1,Araguaína,Tocantins,33894.0,0.38603,0.0,1702109.0,3805223.0,61742.0,426902.0,1947775.0,942343.0,2C,Capital Regional C,3.66501782541247,2.76192783842053,0.903089986991944,306153.078780565,253635.265270797,295561.479956409,616562.140090507,571645.702759941,501367.862078064,235702.893327387,185797.03301389,132434.616666667,25399.2,165121.769702998,3.12082786437355,Alto
3103,1709500,BR170950,Gurupi,1836.091,BR17,TO,BR17005,Gurupi,BR1701,Ocidental do Tocantins,0,83707,IBGE (2015),Tocantins,Integral,1,Gurupi,Tocantins,34004.0,0.38729,0.0,1709500.0,2034195.0,28257.0,215117.0,1011961.0,528421.0,3A,Centro Sub-Regional A,3.52737208282761,2.62428209583567,0.903089986991944,92819.5405419264,80522.1378605528,80393.4,74707.4233333333,19196.2066666667,227979.354247817,150325.583333333,118372.076833056,0.0,16895.9833333333,144353.822928073,2.86923965149235,Alto
1574,3170206,BR317020,Uberlândia,4115.206,BR31,MG,BR31018,Uberlândia,BR3105,Triângulo Mineiro/Alto Paranaíba,0,662362,IBGE (2015), ,,0,Uberlândia,Minas Gerais,36981.0,0.42119,1.0,3170206.0,32536256.0,556693.0,6267618.0,15005187.0,2682010.0,2B,Capital Regional B,4.69974236131984,3.585799009013,1.11394335230684,588662.41350285,571680.476251993,712921.779871778,736079.495167674,498479.131960234,692060.018583632,491632.520241308,539515.571623238,1222272.08303353,25193.3,353849.810532396,1.74314706101893,Alto
2654,5201108,BR520110,Anápolis,933.156,BR52,GO,BR52007,Anápolis,BR5203,Centro Goiano,0,366491,IBGE (2015), ,,0,Anápolis,Goiás,37090.0,0.42244,1.0,5201108.0,13118759.0,54165.0,3712361.0,5874020.0,1426500.0,2C,Capital Regional C,4.17236937676385,3.05842602445701,1.11394335230684,135177.715276813,125586.423226488,147161.554276652,166936.387069093,141216.098490701,349038.087987076,144163.600218445,140189.203028534,0.0,7136.76666666667,123522.253779787,2.83530120166505,Alto
5365,4113700,BR411370,Londrina,1652.569,BR41,PR,BR41011,Londrina,BR4103,Norte Central Paranaense,0,548249,IBGE (2015),Interior Sul,Integral,1,Londrina,Paraná,38356.0,0.43685,1.0,4113700.0,24587714.0,489241.0,4271786.0,13750999.0,3172162.0,2B,Capital Regional B,4.71730427665522,3.60336092434838,1.11394335230684,760282.102950947,691557.532924291,625257.011697284,541238.166166126,728781.201002237,657774.687600612,733060.76738995,609745.831412066,1576656.1788737,1270671.06020276,153782.102396399,2.95183202404935,Alto
2229,3543402,BR354340,Ribeirão Preto,650.916,BR35,SP,BR35014,Ribeirão Preto,BR3502,Ribeirão Preto,0,666323,IBGE (2015), ,,0,Ribeirão Preto,São Paulo,38401.0,0.43737,1.0,3543402.0,33650332.0,407755.0,4571651.0,22001530.0,3344091.0,2A,Capital Regional A,4.74942709912175,3.63548374681491,1.11394335230684,1154127.18061306,1363179.18538913,1391543.56172971,1295166.53182353,1284162.0838734,982554.755378417,1391106.63449768,1299652.31309664,1774726.98333333,135492.165407074,571440.315581047,2.62891032947535,Alto
43,4204202,BR420420,Chapecó,626.06,BR42,SC,BR42002,Chapecó,BR4201,Oeste Catarinense,0,205795,IBGE (2015),Interior Sul,Integral,1,Chapecó,Santa Catarina,38661.0,0.44033,1.0,4204202.0,8747639.0,324458.0,2038617.0,4306203.0,978217.0,2B,Capital Regional B,4.2449694601362,3.20357677497797,1.04139268515823,453403.119947508,440515.409640248,398701.738928732,282842.267941036,361332.0506557,268271.891185701,423050.035121398,764939.286326956,1337420.82,91168.3524070067,140404.013713398,1.70543391111367,Alto
1681,3205309,BR320530,Vitória,96.536,BR32,ES,BR32009,Vitória,BR3203,Central Espírito-Santense,1,355875,IBGE (2015), ,,0,Vitória,Espírito Santo,40560.0,0.46196,1.0,3205309.0,60930559.0,104831.0,10875377.0,30308737.0,7003530.0,1C,Metrópole,5.36924555174416,3.86409557342425,1.50514997831991,1236455.27451594,992157.74523031,931295.305694508,1013983.92935944,1627934.15390806,845258.738940573,856501.804391382,1090846.89949774,2481318.63333333,2087288.43556748,435666.090470117,1.94182614777456,Alto
3897,2408003,BR240800,Mossoró,2099.333,BR24,RN,BR24001,Mossoró,BR2401,Oeste Potiguar,0,288162,IBGE (2015), ,,0,Mossoró,Rio Grande do Norte,41618.0,0.47401,0.0,2408003.0,5755477.0,139360.0,933663.0,2784897.0,1225065.0,2C,Capital Regional C,4.18324136442237,3.06929801211553,1.11394335230684,260221.504714815,320937.033333333,325453.296666667,344923.563333334,255716.93,424088.646666667,336955.916666667,166992.766666667,0.0,114244.6,161505.47144991,2.60136835375889,Alto
1171,3136702,BR313670,Juiz de Fora,1435.749,BR31,MG,BR31065,Juiz de Fora,BR3112,Zona da Mata,0,555284,IBGE (2015), ,,0,Juiz de Fora,Minas Gerais,41953.0,0.47782,0.0,3136702.0,15241714.0,50399.0,2702681.0,8264105.0,2348715.0,2B,Capital Regional B,4.39155256661093,3.27760921430409,1.11394335230684,555525.011159652,771808.249139076,680236.755966934,655726.675912077,879802.210934657,936498.350721842,711310.729874913,321542.423070592,244719.62,124721.831098604,209891.14347386,4.09462684334695,Alto
4112,2510808,BR251080,Patos,473.056,BR25,PB,BR25004,Patos,BR2501,Sertão Paraibano,0,106314,IBGE (2015), ,,0,Patos,Paraíba,43328.0,0.49348,0.0,2510808.0,1570104.0,9578.0,131897.0,815337.0,452539.0,3A,Centro Sub-Regional A,3.41229250932304,2.5092025223311,0.903089986991944,207932.541738068,271424.14,333275.366666667,223532.753333333,63368.9033333333,476804.567553791,299375.07230033,153557.416666667,0.0,0.0,109988.12653646,3.36966202381718,Alto
5187,4115200,BR411520,Maringá,487.052,BR41,PR,BR41009,Maringá,BR4103,Norte Central Paranaense,0,397437,IBGE (2015), ,,0,Maringá,Paraná,44616.0,0.50815,1.0,4115200.0,20885111.0,630094.0,3599175.0,11616685.0,2601135.0,2B,Capital Regional B,4.68518620286706,3.57124285056022,1.11394335230684,651814.716216725,942873.598682322,603896.543333595,571758.111305835,548852.836990522,964762.350754947,678237.505676358,528524.297002501,1256562.94466695,197825.898127351,217632.033404645,2.73983787068279,Alto
4593,2903201,BR290320,Barreiras,7538.152,BR29,BA,BR29001,Barreiras,BR2901,Extremo Oeste Baiano,0,153918,IBGE (2015), ,,0,Barreiras,Bahia,48401.0,0.55126,1.0,2903201.0,3358643.0,447004.0,385025.0,1716732.0,497493.0,2C,Capital Regional C,3.8358807318174,2.79448804665917,1.04139268515823,281377.9529347,244992.566666667,282138.781452816,389196.719672524,181561.8,381332.784553057,295343.501137674,241796.901456074,392479.933333333,69633.5333333333,223256.509644766,2.03470041799117,Alto
4244,2604106,BR260410,Caruaru,920.611,BR26,PE,BR26008,Vale do Ipojuca,BR2603,Agreste Pernambucano,0,347088,IBGE (2015),Pernambuco,Integral,1,Caruaru,Pernambuco,48863.0,0.55652,1.0,2604106.0,6288213.0,90769.0,634111.0,3480849.0,1227185.0,2B,Capital Regional B,4.23583133741052,3.12188798510368,1.11394335230684,812154.959710401,1756220.35052169,1081512.73666667,991209.3,830606.593333334,1116488.33535478,1008137.60883632,497336.806417608,0.0,16841.6666666667,483668.434540235,2.58916362169069,Alto
4906,3541406,BR354140,Presidente Prudente,560.637,BR35,SP,BR35036,Presidente Prudente,BR3508,Presidente Prudente,0,222192,IBGE (2015), ,,0,Presidente Prudente,São Paulo,49406.0,0.56271,0.0,3541406.0,10358353.0,404898.0,1639805.0,6128786.0,1280909.0,2C,Capital Regional C,4.28858454496729,3.17464119266045,1.11394335230684,380486.522325511,428590.048682248,426187.249258291,352871.790765571,352846.531673746,396198.412275474,373268.148811787,415895.752308864,698177.253333334,181457.939840778,177474.983763125,3.1204609886404,Alto
4387,2700300,BR270030,Arapiraca,345.655,BR27,AL,BR27006,Arapiraca,BR2702,Agreste Alagoano,0,231053,IBGE (2015),Alagoas e Sergipe,Integral,1,Arapiraca,Alagoas,49427.0,0.56295,1.0,2700300.0,4012632.0,370477.0,308357.0,2126985.0,805750.0,2C,Capital Regional C,3.83046035003096,2.87621784059164,0.954242509439325,442404.042164225,666515.503038793,664705.071201198,574575.902767503,448267.44,489076.903278212,482320.999674907,495111.766666667,0.0,76485.9333333333,383541.62422268,4.00144086590833,Alto
3561,2208007,BR220800,Picos,577.304,BR22,PI,BR22013,Picos,BR2204,Sudeste Piauiense,0,76544,IBGE (2015), ,,0,Picos,Piauí,53851.0,0.61333,0.0,2208007.0,1445209.0,44287.0,127489.0,790765.0,316676.0,3A,Centro Sub-Regional A,3.55047295710656,2.64738297011462,0.903089986991944,163101.363516471,236483.537828881,210325.25,251825.689564711,153476.219092533,235389.728576283,138159.716770105,125306.182581919,0.0,73609.8,151395.148906411,3.73984129647832,Alto
2292,3549805,BR354980,São José do Rio Preto,431.944,BR35,SP,BR35004,São José do Rio Preto,BR3501,São José do Rio Preto,0,442548,IBGE (2015), ,,0,São José do Rio Preto,São Paulo,57144.0,0.65084,1.0,3549805.0,19943262.0,455926.0,3006665.0,12542739.0,2090781.0,2B,Capital Regional B,4.63776982915583,3.49164179347759,1.14612803567824,962076.184862206,1109398.1670625,1149644.11444155,1140807.72189028,992429.264158498,633042.581491019,928554.305050849,859695.178337901,1885001.52354074,518980.280075513,350894.8191903,3.60650992928444,Alto
5095,4104808,BR410480,Cascavel,2100.831,BR41,PR,BR41023,Cascavel,BR4106,Oeste Paranaense,0,312778,IBGE (2015), ,,0,Cascavel,Paraná,74390.0,0.84726,1.0,4104808.0,11145804.0,673711.0,1677844.0,6157059.0,1321538.0,2B,Capital Regional B,4.45656339486019,3.34262004255335,1.11394335230684,536203.672981841,563291.310797186,535433.883127965,728104.5947369,1095209.03275226,520153.484676713,472471.030732625,409670.669334897,462296.002356941,279789.493742544,273912.612156537,3.07776894620777,Alto
3898,2408102,BR240810,Natal,167.264,BR24,RN,BR24018,Natal,BR2404,Leste Potiguar,1,869954,IBGE (2015), ,,0,Natal,Rio Grande do Norte,91494.0,1.04207,1.0,2408102.0,29900924.0,101544.0,4058411.0,15762421.0,5868202.0,2A,Capital Regional A,5.04439471003671,3.55303301620244,1.49136169383427,1072632.08011126,912000.332767527,962732.00428517,1058763.20008094,1644674.62,1152808.42613019,816106.891224913,938395.214786888,1748399.19,338540.077940757,569320.678893921,2.39925512104283,Alto
4659,2910800,BR291080,Feira de Santana,1337.993,BR29,BA,BR29012,Feira de Santana,BR2903,Centro Norte Baiano,0,617528,IBGE (2015),Bahia,Integral,1,Feira de Santana,Bahia,96714.0,1.10152,1.0,2910800.0,13107354.0,61212.0,2332292.0,7070541.0,1659882.0,2B,Capital Regional B,4.4145388361968,3.30059548388996,1.11394335230684,753953.921895901,1474860.41634544,1556856.07123107,1019590.82897594,902663.500584494,993243.60741302,535650.856589787,315830.635513172,54290.5433333333,17806.4166666667,494757.820042268,2.17080140938134,Alto
4489,2800308,BR280030,Aracaju,181.857,BR28,SE,BR28011,Aracaju,BR2803,Leste Sergipano,1,632744,IBGE (2015), ,,0,Aracaju,Sergipe,103356.0,1.17717,1.0,2800308.0,22657962.0,105593.0,4249817.0,11183472.0,4369617.0,2A,Capital Regional A,4.94809984789777,3.44294986957786,1.50514997831991,914040.83906528,640916.253863435,723405.431673846,936801.661051371,1330859.14666667,1134567.37457624,687443.474862604,650994.515044569,1742116.82,816290.966666667,334992.446485107,2.22010239889109,Alto
4028,2504009,BR250400,Campina Grande,593.026,BR25,PB,BR25017,Campina Grande,BR2503,Agreste Paraibano,0,405072,IBGE (2015), ,,0,Campina Grande,Paraíba,106784.0,1.21621,1.0,2504009.0,9252012.0,90805.0,1793476.0,4121895.0,2148582.0,2C,Capital Regional C,4.20349523519329,3.08955188288645,1.11394335230684,561868.685991346,500281.582412847,618795.14245438,696142.915873081,772705.789969714,875774.994560603,606625.26906345,406972.073776683,324942.59,1772.8,424602.640763105,3.38439896788674,Alto
1749,3304557,BR330455,Rio de Janeiro,1200.179,BR33,RJ,BR33018,Rio de Janeiro,BR3306,Metropolitana do Rio de Janeiro,1,6476631,IBGE (2015),Litoral Sul,Integral,1,Rio de Janeiro,Rio de Janeiro,111774.0,1.27305,1.0,3304557.0,486465722.0,345807.0,63224410.0,254652826.0,85783181.0,1B,Metrópole Nacional,6.28170225656835,4.46215832102648,1.81954393554187,2330126.26404102,1654463.32806702,1867963.80977949,1657043.97833194,2082365.0536611,1424227.40828527,2133006.23497978,3074016.6764424,4164478.25341804,3751796.68663362,1470760.56192266,1.95449265863705,Alto
3617,2211001,BR221100,Teresina,1391.981,BR22,PI,BR22003,Teresina,BR2202,Centro-Norte Piauiense,1,844245,IBGE (2015), ,,0,Teresina,Piauí,111915.0,1.27465,1.0,2211001.0,20749142.0,62662.0,3064781.0,10919893.0,3925303.0,2A,Capital Regional A,4.91032552453789,3.41896383070362,1.49136169383427,1824430.1627795,1373680.74045837,1589571.36443038,2207720.4204955,3945413.21563346,2060864.12721779,916656.898684154,634283.442255587,3170847.15333333,937195.5,651729.658774468,3.15907578576182,Alto
1877,3509502,BR350950,Campinas,794.571,BR35,SP,BR35032,Campinas,BR3507,Campinas,0,1164098,IBGE (2015), ,,0,Campinas,São Paulo,115203.0,1.3121,1.0,3509502.0,130109396.0,327770.0,36780918.0,62297013.0,8447560.0,1C,Metrópole,5.22344401980961,3.99299509843134,1.23044892137827,1539677.98571556,1358692.64826789,1511093.95409429,1575028.66526552,2014830.84928677,1368080.42360244,1353793.82099301,964831.456514059,3995803.09935259,321579.406825794,918126.164377721,1.61981290880659,Alto
5337,4106902,BR410690,Curitiba,435.036,BR41,PR,BR41037,Curitiba,BR4110,Metropolitana de Curitiba,1,1879355,IBGE (2015),Litoral Sul,Integral,1,Curitiba,Paraná,118677.0,1.35167,1.0,4106902.0,145345339.0,1205602.0,33032857.0,69842272.0,15111382.0,1C,Metrópole,5.76828282590004,4.16622283457208,1.60205999132796,1449989.74756223,784525.928797171,1037237.85309734,1485367.30301567,2692719.76160281,1205306.67492837,1273645.059655,1457393.29761844,2806678.84030902,1110328.37287762,621105.520918913,2.45446027237833,Alto
2818,5300108,BR530010,Brasília,5779.999,BR53,DF,BR53001,Brasília,BR5301,Distrito Federal,1,2914830,IBGE (2015), ,,0,Brasília,Distrito Federal,124588.0,1.41899,1.0,5300108.0,246426878.0,1420732.0,11310504.0,108491618.0,95179729.0,1B,Metrópole Nacional,6.59180694985549,4.40428622901903,2.18752072083646,638270.041922415,450698.910830677,675709.435889636,399907.272716402,668339.645756837,474740.690317108,340860.635771271,564161.184663145,2001564.45769152,206415.616666667,454459.431335485,1.85674543737688,Alto
2615,4314902,BR431490,Porto Alegre,496.682,BR43,RS,BR43026,Porto Alegre,BR4305,Metropolitana de Porto Alegre,1,1476867,IBGE (2015),Litoral Sul,Integral,1,Porto Alegre,Rio Grande do Sul,164893.0,1.87804,1.0,4314902.0,158732865.0,550201.0,31902430.0,83978910.0,17101146.0,1C,Metrópole,5.92186847694544,4.22289847260942,1.69897000433602,2766031.00041392,1477310.59638243,1866415.40322112,1775200.73718039,3096728.70817532,1722140.13216449,2216599.21617751,3571380.64178804,5470155.55950036,5086290.35230126,1360983.36384509,2.48420886568788,Alto
817,3106200,BR310620,Belo Horizonte,331.401,BR31,MG,BR31030,Belo Horizonte,BR3107,Metropolitana de Belo Horizonte,1,2502557,IBGE (2015), ,,0,Belo Horizonte,Minas Gerais,295179.0,3.36193,1.0,3106200.0,172656163.0,333818.0,38814170.0,87931414.0,21072161.0,1C,Metrópole,5.88007008406407,4.18110007972805,1.69897000433602,3474129.96629439,2711519.35865787,2861479.82380845,2702319.92257307,4975641.56626727,1726805.40586993,1854967.84287044,3824377.81025257,6982679.8724998,5606371.07025632,1373661.41268581,2.06566569080434,Alto
